country,salonId,systemCreationDate,salonName,city
Poland,a2f9683b-53fa-417b-9ea9-4f98dae19e9b,2019-11-22,Stephens-Dunn Hair,Josephchester
Poland,dd7c251b-87f5-46c6-b777-b439c24cc089,2017-12-02,Graves-Martinez Hair,Lewisfort
Greece,55a9c3c4-bc74-4544-96af-fefa41e3a7bf,2020-08-18,Washington-Foley Hair,Rachelport
Belgium,32603b1b-0023-4f26-8207-380c6f1ed478,2020-08-20,Ortiz PLC Hair,New Justin
Sweden,97d8affd-3c83-4f24-9689-454b222076d7,2023-10-31,Gibson-Haas Hair,Jenniferport
Greece,885c5efe-52f1-48f0-9080-8c2f1efc67fa,2022-01-16,Peters-Hanson Hair,West Ronniebury
France,940e487e-6844-40b7-8009-7c0c8608f52f,2022-07-24,Weber-Riggs Hair,North Ashleyview
Sweden,eb48e670-5021-45c6-b9c8-84f359e4b299,2022-05-16,Wallace LLC Hair,West Joanneville
United Kingdom,5e568aa9-8c0f-424b-b62b-344018153104,2023-07-26,Jimenez and Sons Hair,West Rachelport
France,1177ad47-18fc-4cea-b365-8d3d916393c2,2023-05-07,"Rush, Flowers and Melton Hair",Jennifershire
France,039a3421-d2fd-4363-aeb6-2a5540dcbeef,2023-01-30,Peterson-Garner Hair,West Jake
France,c012f235-80d3-4ab7-9719-484694adb24a,2017-12-04,Davis and Sons Hair,Michaelmouth
Germany,4188d835-8c1f-4ebe-b06d-6fd000e3f683,2016-06-01,Avery-Parsons Hair,West Antonioborough
Poland,5354c0b0-25a9-48c3-bfce-3c208ecc3bb5,2016-12-03,"Smith, Scott and Weaver Hair",South Jenniferview
Netherlands,506c98c0-b6d7-4efd-b160-aeed414adb84,2018-01-02,Garcia Group Hair,North Jaimehaven
Greece,22ac3fe9-c92e-4528-887f-174ceabc8276,2023-11-02,"Serrano, Smith and Jimenez Hair",East Christina
France,72af9cad-42df-456f-91f1-9dc73a16784f,2020-02-10,"Ayers, Larsen and Norman Hair",Jimmyhaven
Belgium,90edeac2-7f56-4356-8f52-c41b7e1a61a1,2023-04-11,Harrington-White Hair,Jamesport
United Kingdom,12ec6205-762b-4437-b997-5f4e2cb1211c,2018-05-01,Torres and Sons Hair,Frenchfurt
Poland,df372ce2-5c27-4ac9-82eb-c795b93390a9,2023-03-23,White-Miranda Hair,East Tasha
Belgium,6d97381f-4e64-4ea5-9f20-5801081dd2d9,2020-02-27,"Wheeler, Garcia and Watson Hair",North Christopher
France,62939baf-43cc-4508-b2d0-28bbe254ec40,2019-08-25,Hicks Inc Hair,West Darrylfurt
Greece,e49a36e8-06a0-444d-8e03-37321b58fd07,2022-06-26,Anderson LLC Hair,Josephville
United Kingdom,a28cde50-7301-4d87-8a86-c0a3652f40da,2017-05-27,Potter PLC Hair,Port Robertton
Greece,b5f59f4d-6136-4cc6-a320-7bf7fb05f722,2023-04-05,Chandler Group Hair,East Kevin
Belgium,8f2a3476-24a9-4a61-b2d7-5e9b403cf8c4,2021-12-28,Bailey-Gaines Hair,Richardchester
Netherlands,11bc0ef0-6097-435a-b2fe-40e462499a0f,2020-01-03,"Tate, Alexander and Turner Hair",Rebeccaton
United Kingdom,fd511d56-2cc7-4b46-b003-ca22230ebc07,2016-08-24,"Rhodes, Gomez and Luna Hair",North Susanville
Germany,ad131231-ba71-40e4-80f9-647948490572,2019-11-23,Parsons-Raymond Hair,East Sheila
France,db6dba69-6d62-4211-92da-d5639a7b9168,2022-06-20,"Nixon, Mccarthy and Zimmerman Hair",Lake Annettetown
Poland,08212ac9-7671-4d9a-8925-648b1cda3e52,2019-10-08,"Hunter, Bell and Burns Hair",South Jamie
Greece,da032e9c-4af5-4011-916e-4f52de12545f,2020-10-02,"Day, Singh and Shelton Hair",Sarahborough
Spain,211b3127-79c4-42dd-af21-51ad27fc8cc3,2022-06-13,"Meyer, Bowers and Davis Hair",Lake Teresamouth
France,54ec692e-1f63-4b86-b61b-06ec3ed3f290,2022-07-03,Berger-Hutchinson Hair,West Carrie
Germany,7827e65e-580e-4a8e-8cc3-de94855e4ff6,2019-08-06,"Dorsey, Silva and Gaines Hair",South Stephen
Spain,c59b1f49-760f-42f7-8739-ab97cc73c41d,2020-09-01,Nelson Ltd Hair,North Matthew
Belgium,b49ed032-0243-490b-98be-add9c94e03d7,2021-10-31,Martinez PLC Hair,Vargasside
United Kingdom,7082b16a-44ec-4e11-b8f6-08b10c456579,2019-12-15,"Campbell, Solomon and Reed Hair",New Sherrychester
Spain,7d98673d-d76e-43a6-845d-da55f2fc8b77,2023-08-28,Richards-Smith Hair,Froststad
Netherlands,aefb8845-4b21-4431-9b17-53d9b03e6489,2017-05-20,Schwartz and Sons Hair,Port Angela
Belgium,dffca4e1-88bf-4cf1-84f2-4ca166a17121,2016-05-24,"Hess, Pearson and Cooper Hair",Port Vickie
Poland,86880188-f906-4df9-9fd8-bc02ad1f8143,2021-07-14,Mitchell-Calderon Hair,Lake Sharonton
Sweden,6beaddd7-8d5a-479e-969e-8b9eb7d4677b,2021-07-17,Weeks Ltd Hair,Zacharyshire
Spain,8380f0ff-c189-405b-b551-126d99d0d37a,2019-03-11,Parker and Sons Hair,East Sheila
Netherlands,dd9bd605-88e5-4058-b714-b72896e0048d,2018-10-03,Franklin Group Hair,North Lisa
Greece,19941a41-349f-4ee2-b1c7-a5a14b96c3b0,2023-02-18,Bender-Hernandez Hair,Riveraborough
Sweden,9b792c5e-a4ca-4e51-907e-31adc47ff8b6,2021-10-05,Rich PLC Hair,South Scottland
Spain,f6c05af1-242a-441f-bf6a-a15e982acd99,2016-12-17,Washington-Williams Hair,East Patricia
Sweden,8e01a439-db6d-4827-bfbb-c1a5cb4ddd7b,2021-10-14,"Parker, Maldonado and Adams Hair",New Lisaberg
Italy,1a443e71-a9c1-4c1f-a472-da8a60d934fb,2023-08-14,Dunn-Baker Hair,Porterbury
Sweden,7e5d7dd7-8b52-4c23-a51c-5a1efafb2399,2020-12-02,Buckley PLC Hair,Houstonborough
Italy,60e2b133-7f35-4008-9458-adac37e34e6b,2018-03-19,Lynn-Taylor Hair,Hamiltonburgh
Italy,4bfc7ed9-c3fb-44bc-a6d1-756b3990280e,2018-09-10,Harrell and Sons Hair,Leonbury
Sweden,8b6b5363-ffb5-4b69-9a3d-b10ba8c04240,2020-07-15,"Hernandez, Gonzalez and Stephens Hair",Perryborough
Spain,2c33b2c5-abc0-4ad7-9d22-e7b4dec4cf53,2017-07-22,"Hester, Jacobson and Martinez Hair",Tiffanymouth
Spain,976e27f7-d382-445d-95d4-524ce22addb5,2016-11-09,Arias LLC Hair,South Heatherland
Greece,f8e2ce67-7286-41cb-898a-aa4ca696c14d,2017-11-08,Henry and Sons Hair,East Andreahaven
Poland,e7d5472b-f0e6-46db-ba09-66c78b5dff53,2022-03-09,Martinez Inc Hair,Annberg
Greece,3a5a086c-c23d-4360-89a6-6fff2a296120,2017-01-12,Jackson Group Hair,Jessicachester
Belgium,2b6e566e-58c3-4741-a5c0-79136526d91c,2018-03-02,Johnson PLC Hair,Dennisfurt
Spain,a519279d-2544-4a62-833a-3e3d6ae1b9e4,2021-08-31,Cook Inc Hair,Rogerfort
Greece,3277f789-13fc-43ca-972f-bfea08459948,2021-05-16,"Brown, Molina and Skinner Hair",Riosmouth
France,60a6fa09-ca6d-4255-8081-eb99c8ca3ec6,2016-07-26,"Fowler, Pierce and Hall Hair",Murraytown
Sweden,b8f0f726-1a6a-41de-a37f-bff722f06237,2021-08-05,Reynolds and Sons Hair,Michaelborough
Greece,27f23051-fd44-47e4-954f-3c4d3e0db338,2017-06-01,Benjamin PLC Hair,East Omarside
Belgium,3c550ed5-e4c2-4fb0-9ed1-2249810fc4a5,2018-05-24,Smith-Martinez Hair,East Angelastad
Poland,aad554df-b456-4d98-8f16-054c79950f96,2020-07-22,"Werner, Simon and Harris Hair",East Elizabeth
Netherlands,555318d7-0b52-421e-96d5-5ccdb6e59d62,2018-02-03,"Smith, Leach and Lawson Hair",Baldwinview
Spain,9f84d772-f2f0-40e0-807b-5a67a1b4edc9,2016-07-23,"Miller, Torres and Mcneil Hair",North Ryantown
Spain,fa95727b-7be8-4c0d-9f81-bddf47a1c1d2,2016-10-28,Griffin Inc Hair,North Alexandriaside
Netherlands,fdfb21e5-ff52-4926-a28d-6e01c234cdfd,2018-07-30,"Sexton, Roberson and Collins Hair",Johnhaven
United Kingdom,687dbb54-aa62-4678-a65d-62ec52aedbba,2019-12-18,Anderson and Sons Hair,Lake Marychester
Greece,f060b0d4-e70a-476c-bf65-d05a1292b515,2017-12-20,"Villarreal, Gonzalez and Nelson Hair",Danielleville
Italy,e1c7c751-07ee-4b18-8b72-b761f4139ab8,2016-02-09,Mitchell-Mcguire Hair,Michellemouth
Netherlands,4fdd9afc-5c53-471c-9ea4-762363665abb,2022-01-27,Cook-Allison Hair,Darlenetown
Germany,6440044d-63eb-4d9e-ab8a-5f7cd52b860d,2019-08-21,Lee-James Hair,South Jessicashire
France,4450d5bd-8544-4a81-b278-4746d4e98120,2023-10-04,"Welch, Bonilla and Mason Hair",Joelchester
France,d1bc265a-6262-4471-b4f9-f21c1ec53cb1,2016-09-18,Hogan-Calhoun Hair,Markberg
Greece,6d9c3faa-f383-4b41-8fe8-46ebd18f4e28,2023-05-28,Rios and Sons Hair,Youngchester
Sweden,9244a4fe-4d21-4caf-b4bb-dc82394e9a2d,2023-04-22,"Berger, Mueller and Daniels Hair",New Daniel
Belgium,9ae8ffe1-36c1-476c-bfc5-d5e1972577f8,2023-05-17,Leonard Ltd Hair,Lake Jennifer
Italy,f69c4ef1-432a-4e66-9d86-e6e13cb217fd,2017-07-12,Castro-Harris Hair,West Shannonchester
Netherlands,8c8d09d6-d234-43f1-8923-022736bc31d8,2017-01-06,Nelson-Figueroa Hair,Lake Jeremy
France,c267b3e9-063d-4726-b41a-e0cea58e13e7,2017-03-03,"Norton, Hinton and Acosta Hair",North Matthewland
Greece,c3072f75-2c3c-4a8f-956c-bffad50742f6,2021-08-19,"Shepherd, Meyer and Burke Hair",Christianfurt
Spain,61b7d104-8387-4c03-9a2a-cdb49a7554dd,2018-04-10,"Smith, Goodman and Neal Hair",Port Stephen
Germany,fa5957ce-d94e-43ef-9fdb-85fbd60b3cbb,2020-08-10,"Petersen, Long and Norton Hair",Lake Marvin
Poland,387456ac-94ed-4f11-a0f8-6481da8550d3,2017-07-26,Lewis LLC Hair,Mackmouth
Greece,b66d7aeb-eb5a-4c53-a2f8-6590fde90691,2016-09-04,Allen Inc Hair,Port Timothy
Belgium,2db20950-35e5-4862-8ced-e87cfe60f3e7,2018-04-25,Ryan-Bradley Hair,Lake Patriciashire
United Kingdom,197ad937-3d10-442f-8eb2-75a426ea8b84,2019-03-22,"Brooks, Anderson and Herrera Hair",Port Angela
United Kingdom,e7e62c6b-1041-4563-a43c-0ecc374492cb,2017-10-17,Jones PLC Hair,New Jessicatown
United Kingdom,e13f1524-3c97-4278-b456-7aa04f9cb9b7,2016-10-17,Riddle LLC Hair,Riggsfort
Belgium,39c1f35e-c2fb-4576-a42b-4bdabfface38,2020-05-11,"Ortega, Miller and Mathis Hair",South Kimberly
Greece,1c7e8b3d-24ba-4270-a1ff-e695cc5bd1a8,2023-04-03,Alvarado Group Hair,Lake Jamiehaven
Spain,9e335dfc-1881-4c5d-9b0d-1c8625d9cccf,2016-04-20,Hughes Inc Hair,Catherineton
Spain,e385747c-3756-4086-a53b-3f7f3dcb418e,2023-11-20,Austin-Simpson Hair,Lake Michele
France,81654b6c-cfbb-4508-a097-9c9a8e6262c6,2021-06-07,Ross Inc Hair,New Scott
Sweden,d8fe6b8e-8d6a-46b7-ae9d-e7d3df7f459b,2017-10-03,Lucero-Hernandez Hair,Port Jayview
Netherlands,ef2029a9-6e1f-4bc8-b146-38809f35f0c7,2017-06-04,"Rose, Ramos and Daniel Hair",South Elizabeth
Poland,b59fd366-ff62-47bd-a852-740779111dfb,2019-04-22,Stout Group Hair,Garrisonhaven
Italy,da015982-54b4-4643-9d97-64c98d85019b,2023-03-21,"Martin, Jenkins and Mitchell Hair",West Robertmouth
Sweden,5343104a-cecd-413a-8d23-ad9dd4211f39,2018-06-18,Saunders-Perez Hair,New Nicole
France,5d2f07ee-da12-4baa-8c80-7a2afdb7eb56,2022-10-03,Watson and Sons Hair,East Jackieview
France,a0512943-9fe7-479c-9b06-a8c5a4d4542c,2018-11-18,Perez-Munoz Hair,Alvaradofurt
Spain,3982c6e8-d623-4d86-b50b-3714b92fe4b9,2021-09-04,"Martinez, Hardin and Henderson Hair",Melissaside
France,edb932ed-aa43-470f-a92f-ec483d5b3089,2018-06-13,Molina LLC Hair,South Janet
Sweden,c5eff416-aea6-4d1d-bef6-096c45b08521,2018-03-17,"Riley, Taylor and Warren Hair",Lake Jamesville
Sweden,11a24ebb-21c3-4c53-93ec-024777f80262,2016-08-17,Beard-Marsh Hair,Rebeccashire
Greece,1ac18539-84cf-482b-ad58-526f71ccbce8,2020-03-28,Cook-Day Hair,West Davidville
Germany,9f4af572-b228-47d3-9158-dd504c16721a,2016-05-12,Bowman-Smith Hair,Samanthaberg
France,b3c54514-88e1-4a3a-ac59-7a526529eb25,2019-01-20,Hall Ltd Hair,Katherinefurt
United Kingdom,46870801-d9eb-435e-8251-47d537b443dc,2018-10-06,Perez-Burns Hair,Darrenfort
Belgium,1baec30b-b53d-4684-b0ad-d1099ad1f55d,2023-06-18,Choi-Haney Hair,New Spencer
Germany,ec7dd947-b932-41ce-ac4f-f42ba234faf8,2020-04-13,Roberts-Lopez Hair,Dustinburgh
Italy,9a8e2a18-efcf-4600-a556-a80eb75d811b,2020-04-24,Grant-Jones Hair,Santosburgh
Belgium,3c2e94b6-c7be-4d85-8dc2-8afecaf2f2fa,2020-05-03,Mccoy Ltd Hair,South Michael
Spain,fd82ea12-4d47-4dc7-8e85-d699659b71bb,2020-01-10,Church-Harrison Hair,North Stephen
Poland,b2eeab57-f10c-4cc3-bc87-d2a590d9fca6,2020-04-22,"Brewer, Moore and Underwood Hair",Edwardville
Netherlands,709762f4-1656-4d3b-9028-6b5a342f1fd6,2020-04-19,Logan-Ray Hair,Lake Robertberg
France,e93d3880-f920-4b61-b12a-e67f51dbeded,2018-04-22,"Smith, Evans and Hill Hair",Johnsonborough
Italy,94b5b9e0-c8e0-480c-9b95-0c390ec77e17,2019-02-21,White-Scott Hair,Ellischester
Spain,6830c11e-6242-44b0-9013-88d2ac023c7e,2020-10-26,Adams and Sons Hair,West Cynthia
Poland,e64b39e8-b284-4b9b-b099-146b9359df69,2021-07-25,"Shah, Kennedy and Adams Hair",South Emilychester
United Kingdom,072d4ac9-a765-4348-aadb-43010b476ba4,2023-05-08,Chase-Roy Hair,Thomasview
Germany,58e772a7-d63d-4381-9313-e843c39d675d,2021-11-07,Barnes-Meyer Hair,South Amystad
Netherlands,7ec09651-d6bc-4eab-9d16-fb0ad71fe9a1,2023-04-22,"Wright, Kim and Moore Hair",East Calvinmouth
France,32150584-d99b-489a-8369-8c548c56520d,2021-05-25,Cooper-George Hair,Kyleton
Belgium,5b878c93-190e-4852-b7d9-73a073b21134,2023-09-13,Gonzalez-Whitehead Hair,Haroldville
France,871dcc33-ab6b-4a9c-ac66-957666f3cc90,2017-02-12,Randolph and Sons Hair,Alexandermouth
United Kingdom,69f41a40-e235-4080-9119-9fdf57798d04,2023-09-17,Johnson-Joyce Hair,Rubenberg
France,3f04963f-53c6-490f-a047-0456104f4c36,2022-06-03,Everett-Flores Hair,South Troyfurt
Poland,402d88c3-ca00-481e-b20d-5498206e4ebf,2018-03-22,Lawrence-Carlson Hair,Jennifermouth
Netherlands,8d6566e0-30a3-4125-81ef-bd87ae72711c,2018-03-04,"Krause, Oneill and Schneider Hair",Erikaside
Germany,89a18035-3817-4edf-93f9-308293b95310,2018-07-31,Knight PLC Hair,Port Michaelport
Poland,8426d352-dd2e-45d7-a5f8-6eb916943d8e,2022-09-20,"Patterson, Thomas and Baker Hair",Lake Jessicabury
Germany,0d22862d-9273-4d5e-ab32-a7b26b574413,2017-10-17,"Reed, Sanchez and Wells Hair",Shawnshire
France,af84dfc7-6e5f-48e1-b5f8-d4d0274ca1da,2021-11-25,"Cowan, Sanford and Lopez Hair",South Jayside
Germany,a7bdfbbe-b001-4117-be75-c2d75a0112b1,2019-04-03,Jackson LLC Hair,West Keithfurt
Spain,fed5a143-12a6-4d08-a04d-939874a2c3da,2021-12-23,Rodriguez-Johnson Hair,Davidville
Italy,2c040f44-1da3-454c-b8e0-adf47cbe4444,2018-08-03,Pugh Group Hair,New Jamiehaven
Sweden,3746e52b-7a79-4502-816e-44c07b3fb98b,2022-12-01,Martin-Williams Hair,Tinaberg
Netherlands,3f2d2da9-0e33-41ef-a4a6-b21374d0682a,2022-03-07,Mann Group Hair,South Jillianton
Sweden,adf29680-8588-484a-a135-b3fdd83f0373,2019-02-07,"Rodriguez, Barrera and Myers Hair",Brentberg
Greece,54ad0921-81dd-4026-b79e-4e133da72be8,2021-05-03,"Brennan, Cole and Garcia Hair",Emilyburgh
Spain,07977974-4997-4fbc-9c6f-29f2d84f2f8c,2018-10-12,Davis-Foster Hair,Hendersonside
Greece,12eecc22-8899-4def-8c73-cbd19b90d76d,2022-11-26,Burns-Evans Hair,Cynthiastad
Poland,fa997911-4a8a-4bc6-ad15-fa2cb5c793df,2016-09-08,"Lynch, Kirby and Ellis Hair",New Nicholaston
Sweden,2202471d-d8e4-4f51-9a3d-73f3eec328e8,2020-05-05,"Scott, Lang and Holmes Hair",North Daniel
France,88afaa95-26e8-4617-8446-c8e5a3effce5,2020-08-28,Vazquez-Smith Hair,Donnabury
Italy,9752a04c-7108-4945-9923-c2f06d59c1bc,2018-10-11,Rodriguez Ltd Hair,South Angelaview
Poland,6d0b0569-a697-4d92-a807-4505653a5bdc,2022-09-06,Dillon-Martin Hair,Marshburgh
Spain,6d95ca08-e2d9-47cc-aab7-ae03ea73e641,2022-01-08,Garrett Ltd Hair,West Leahshire
Poland,ae724137-2fa5-4bd1-ad45-0c6ce04f1fb2,2020-06-12,"Bailey, Evans and Carpenter Hair",East Charlesshire
Sweden,df84c17c-c4fc-459a-b8b9-77e2ae98c4be,2022-11-23,Merritt-Williams Hair,South James
Poland,568d58de-4428-4aad-9170-877b5c881670,2016-07-21,"Krause, Banks and Robles Hair",Jeffreyberg
Poland,70b49baa-0435-40af-ba09-f501266a343d,2020-09-11,Morrison and Sons Hair,East Nicholaschester
Italy,aa916a8b-81f4-49dd-bae1-41ed10dbfccf,2016-03-13,Rhodes Ltd Hair,Prattborough
United Kingdom,39537c97-70d4-4e3f-b04b-fa87a5525286,2016-01-30,"Martin, Bass and Griffin Hair",South Dennisshire
Italy,e2d7963b-a2c6-4e66-9cbb-d3a01f096d42,2019-09-26,Steele-Cooper Hair,Sawyerview
Greece,65d17375-2e0a-4686-9e4c-6277009327ae,2022-06-10,Reyes and Sons Hair,Nealville
Italy,a90253a9-e601-4b15-add2-51434a3729d6,2016-01-17,"Grant, Becker and Walker Hair",Bryantown
Sweden,ffc26523-8205-4c67-b370-b9c4db0a5047,2018-07-31,Woods Inc Hair,Jessicaborough
Italy,b3ec27b9-e20d-4e91-a49a-aa31b75660ee,2017-07-12,"Taylor, Wilson and Johnson Hair",New Robert
United Kingdom,ed03c778-b2d2-44c8-86d6-ed79bc889bad,2023-08-17,Moreno PLC Hair,Matthewbury
Italy,a5112aa5-a5db-43ea-b398-646688befb7d,2023-09-27,"Baker, Beck and Lee Hair",Gillespietown
Belgium,0ba6a8f5-b675-4565-b825-7bf3ed893d3b,2022-08-17,Chen LLC Hair,Angelicachester
Netherlands,e6b7f0a6-add1-4cc9-9a47-2dabb22aa895,2019-10-16,Avila-Avila Hair,Lake Stephen
Spain,05d64c5a-4c18-4309-93cf-b2b340cca1a3,2019-08-02,Jones Ltd Hair,East Marioside
France,ceca4460-fcec-4d95-b28b-1eb01b40c364,2016-12-03,Terry Group Hair,Connerton
Spain,cae26575-e848-4279-8a1b-37c9d0f7358c,2017-05-05,Jones-Benjamin Hair,Port Brian
Spain,10076632-42e9-437c-ab7c-c75e2aed8b1f,2018-02-14,Fuller LLC Hair,Ellenberg
France,e5574195-4052-4a75-bf2b-90508ca46b41,2022-08-02,Dominguez-Hanna Hair,South Tara
Poland,b7851d64-308b-4c2d-ae56-aa4b7ac241a9,2018-06-27,Lambert Ltd Hair,Heatherland
United Kingdom,4c5d270d-fd53-4c41-b71a-173a4bea5e5a,2020-08-28,Beltran PLC Hair,East Traci
Poland,31163a1c-5c4d-466b-9bcf-428482964269,2023-10-12,Carrillo-Grant Hair,Gregoryfort
France,b5a7d10b-d8ea-48fe-8c41-96db22bbcf9c,2022-08-27,"Thomas, Jennings and Watson Hair",Nicholsside
Italy,27d2d51d-1a4e-4b94-a4ee-f5fe4482da06,2019-12-06,Edwards LLC Hair,Lake Andrew
Greece,5b9d18a8-29cd-4683-b475-3bd280fd8fc0,2017-07-01,"Holder, Wilson and Dickerson Hair",Lake Lori
Spain,1515b616-1e98-4316-b7f4-22b5c19cbd81,2017-01-27,Harvey Ltd Hair,New Amanda
United Kingdom,ac98fcbf-9108-4687-b52e-dae9821eb2cc,2022-02-24,"Williamson, Williams and Smith Hair",Brownton
Germany,84378c76-1f1d-4d61-92ef-e5632ea2a2ba,2023-01-29,Martin PLC Hair,South Barryshire
Belgium,a13b37c1-1d39-4f50-9802-523f2416a168,2021-06-22,Malone PLC Hair,North Tracey
Italy,c80333a2-2b03-478a-96dd-e6c0e4d91bf0,2023-07-09,Hebert Inc Hair,Zacharymouth
Netherlands,564fd08c-2e4b-47cf-ab09-c6f18efeebf3,2023-05-07,Lopez Ltd Hair,Lake Kristenberg
France,19edb8cb-fe67-40c0-9e11-505d4173e988,2019-04-03,Frank Inc Hair,North Kim
Belgium,c280fb7d-f925-462b-a725-4be3b2c2a1ea,2020-08-17,Scott-Wilson Hair,New Benjamin
Spain,93c1c147-89da-4a04-98b6-a069b285d209,2017-12-07,Jones Inc Hair,Crawfordfurt
Sweden,9d012261-72d8-4740-a73b-9e694fb153e0,2021-06-12,Mcneil Ltd Hair,Jenniferchester
Spain,66cd7a6d-a081-4b28-9c30-f34e4143de90,2018-07-10,Nixon PLC Hair,West Joseph
Italy,8cc0304b-0705-4936-890c-5f7ec6ae38b5,2021-03-05,White Inc Hair,East Sherryport
Italy,781fdce3-8684-4cf0-8c6c-1bfc0e324944,2019-09-06,Bishop-Trevino Hair,Sylviachester
Italy,662a4b36-617d-40fe-9336-4fa6ebb21669,2020-09-22,"Barnett, Garcia and Ferguson Hair",Alexfort
Germany,08d4a87b-ab5b-43bb-b35a-79fe7ad842de,2016-06-30,Johnson Group Hair,Stokesbury
Netherlands,be137e3a-d197-419e-b1c8-7f840b5da964,2023-10-28,"Mahoney, Farmer and Reyes Hair",Mooreville
France,61af440f-a5bc-40e2-8018-f871564c5fb6,2022-09-06,Hernandez-Ross Hair,Seanborough
Belgium,001eef3f-1871-4781-b5b3-31a4fc86da30,2018-10-17,"Acosta, Case and Williams Hair",New Victoriastad
Netherlands,5d839fc7-79de-45f8-bf9a-65d658027fa5,2021-05-01,Bryant LLC Hair,Frazierville
Netherlands,633bf4ea-9a18-4832-805e-4a3db6b1c60e,2016-11-30,"Williams, White and Vasquez Hair",Port Robertside
France,a6093a6c-0bd7-4adc-8d38-a6db7476c17d,2021-09-15,"Thornton, Newman and Jacobs Hair",East Robert
Greece,4526aaee-c019-402e-94c1-5dbe55290402,2018-08-03,White-Davis Hair,Teresachester
Belgium,6c3a220e-a79d-4888-bedc-48d7163cfe36,2020-04-11,Gonzalez-Chapman Hair,Shawhaven
Germany,bff9dfd7-2b76-49e4-8668-1ab34bd5f604,2020-09-07,Rice LLC Hair,West Tracybury
Poland,2ca05e5b-ab16-470a-8905-30b9b47db110,2016-07-12,Hickman-Nelson Hair,Wrightview
France,ac4b9772-8a86-4886-84f3-db3ab29c056d,2022-02-19,Miller Group Hair,Aaronland
Belgium,956082bc-d3c2-43e7-a789-f16553a6a442,2020-08-19,"Hodges, Ellis and Lozano Hair",Freyland
Germany,0c63bb06-8983-4a31-a819-d01c98a906b4,2022-05-24,Hardy-Hawkins Hair,Nashfurt
Spain,c06b8b13-d431-4be1-8d59-4de6231ee9b0,2023-01-10,Miller-Cruz Hair,East Jacobchester
Spain,2bab0746-e553-4380-9158-38e5598bf25c,2017-04-24,Rogers LLC Hair,East Ashleyside
Spain,2fe7d869-050b-4337-9e69-cabc1b3f5bfa,2021-08-11,"Herrera, Garcia and Cooper Hair",Edwardstad
Poland,3ad7635e-2ee1-4a37-a9a3-ff0558f1c92e,2016-02-12,"Campbell, Smith and Snyder Hair",Parsonsberg
Germany,daafceec-475f-4d95-a5bc-0bd3cd18b6a0,2023-01-08,Vazquez Inc Hair,Richardhaven
Spain,508175db-87d1-4dfe-9b8f-8a0a212b3978,2020-01-08,Miranda-Thomas Hair,Joyceside
Germany,91f8682f-7454-456b-be3b-f9123b72abd7,2023-02-01,Orr-Jones Hair,Brownmouth
Germany,5c726ffb-6735-4335-bd5b-aeb516fb3bdf,2019-03-23,Brady and Sons Hair,West Rachelhaven
Belgium,6d72c8bd-543f-488c-8895-7d5f8ce2d1e6,2020-10-17,Gonzalez-Evans Hair,Brookebury
Sweden,7e40eb5f-8eb6-43fb-add2-0efb105fa8cd,2017-08-08,Douglas-Nelson Hair,Port Meghanton
Sweden,e104f466-b111-4069-96d5-99bf29445052,2022-06-10,Nolan Inc Hair,Lake Cynthiaport
Poland,9a4c291b-14f7-4570-83e5-f7c2c4f24220,2021-08-21,Jones Group Hair,New Angela
Spain,79182db0-fb44-4432-9666-4ecccc5352e1,2019-09-27,Haney-Richards Hair,Monicafurt
United Kingdom,8ed0d617-2305-4ab7-a44d-22f277efb2e7,2020-08-07,Freeman Group Hair,New Samantha
Belgium,7a168d48-e1e5-4d88-9cc0-66fd646041fd,2017-11-10,Foster-Hendricks Hair,Patelfurt
Spain,19621325-d205-4d0f-9d0d-4fb43af9c735,2023-07-26,Harris-Mueller Hair,North Scottstad
Poland,c92879af-b33d-4fff-b796-09aee0e51d79,2018-04-11,"Johnson, Walker and Diaz Hair",North Paigefort
Greece,c544fe3f-a0b1-4356-bd1a-ffd90b95ddc1,2016-05-08,Hunter Ltd Hair,Alecport
Spain,0de200ba-41f5-4277-880e-f37a90b51974,2022-04-26,Jones-Green Hair,North Angelica
Greece,fad8e56c-154f-4ad0-970b-432ba152de2f,2022-12-21,Delgado-Owens Hair,East Anna
Germany,1bee90f9-889a-4612-b025-8375bb4f658e,2023-05-03,"Owen, Tucker and Mora Hair",North Veronicaborough
Netherlands,f0a18244-ad70-4dde-a9a3-fe693ffb216e,2023-05-24,Perez PLC Hair,South Jessica
France,895874b6-5ab4-49d4-9763-00cba2496a47,2020-07-14,"Vega, Soto and Ramsey Hair",Port Sara
France,70519315-b644-4bb6-888b-2cbbe3ab4e7a,2022-04-22,Henry LLC Hair,Ambershire
Poland,3d352a5e-2dea-43ec-8914-878ada4d7224,2020-03-28,Pierce Inc Hair,Jenniferville
Belgium,02d4070c-ead4-4888-acc1-7e4b031bed4d,2018-09-24,"Wright, Baker and Haas Hair",Morganburgh
Sweden,e6681331-3867-4cb3-befb-9322790649c1,2020-04-29,Rodriguez-Woods Hair,New Deannaside
Germany,c8f0cd46-9742-4f3c-8816-2f074cfdb7cc,2020-11-16,Gonzales Inc Hair,Rebeccamouth
Germany,55f538c7-b552-48a6-ab5c-efb636d591ef,2016-12-25,Peters-Garza Hair,Port Beverlybury
United Kingdom,e420d4f7-4365-464f-ab13-7a73e20206c5,2016-09-07,Anderson and Sons Hair,Jeffreyborough
France,30752bd4-b001-4696-a952-b542c4ea0bdc,2022-10-22,Clark-Stewart Hair,Jacobton
Germany,c3dd560a-4e37-4040-9181-a3ca6da7b74a,2023-12-06,Hernandez PLC Hair,West Derekland
Sweden,b283a761-01bb-41b6-9693-4ae780291deb,2017-04-19,Davis LLC Hair,Robertburgh
Sweden,0f3b85f3-44f4-4888-a9e1-9ce0edd8a057,2021-09-09,James Inc Hair,Carpenterton
France,81c9bbbe-2ca4-49b9-aca6-b746c39b018f,2016-12-29,Meyer-Berry Hair,South Sarahmouth
Germany,1a0f1f1d-0425-450a-8583-16e4ec20eb51,2020-08-18,"Williams, Brooks and Cervantes Hair",Franklinburgh
Spain,67964f65-a96e-4755-a01f-6b32c642b8ef,2022-08-29,Harris and Sons Hair,Lake Glenn
Greece,8d426f3d-7ff2-459e-a6b9-f1cbf8881aa6,2019-05-23,"Campbell, Brown and Davis Hair",South Tamara
France,91028b89-8745-447f-b5c3-dffad04ae34e,2018-12-01,Wright-Willis Hair,Rayberg
Sweden,79715f26-df37-4a0b-b763-47fae089899c,2016-11-11,"Meyer, Silva and Garcia Hair",Nicholsfurt
United Kingdom,0e2233de-e8c2-44e1-a500-7286e685b3bd,2022-09-01,Sanders LLC Hair,Michaelville
United Kingdom,5e642157-fbf4-46f1-ad6e-f3c3c56af367,2021-11-24,"Ward, Mayo and Parker Hair",Tranview
Sweden,7200f8f5-e0d5-4194-9e64-ddd76f036290,2019-10-22,Jensen-White Hair,Port Roy
Belgium,9ee98937-bf26-428e-a05e-fbdec6435500,2018-06-20,Norton Ltd Hair,Lake Billview
Germany,4e195603-ec5d-4522-b076-2659c69270dc,2020-09-20,Mcgee-Torres Hair,New Kellytown
France,96163b5f-5202-465f-8f88-42234d8636a0,2017-10-25,"Mayo, Hunt and King Hair",South Taraland
Belgium,ca7381ff-e16c-4df2-a8bd-5f9e9996e817,2016-04-28,"Henry, Hester and Johnson Hair",Dorseystad
Greece,e0e75dcb-27b3-42dc-8651-0a2eeeb69a67,2022-09-08,"Thompson, Mitchell and Hernandez Hair",South Eriktown
France,eb345c9e-cec9-4c38-8b06-5e9bc4e0de82,2017-04-21,Johnson Inc Hair,New Stephanieview
Sweden,f9dd2517-dd29-4ce3-96d4-44eab81211f9,2017-08-08,Hampton-Mann Hair,Port Jenniferbury
France,349a4fa2-71b4-42e3-bb21-3b0513cf4809,2016-06-08,Young PLC Hair,Nicolehaven
France,8245d98a-10af-4d90-866b-c723c552df10,2023-01-28,Lynch-Cook Hair,West Ericborough
Netherlands,d57894bd-118c-4fcc-afe2-ba0c9395b392,2018-08-02,Ramirez-Ford Hair,Lake Vickie
Sweden,13d47e83-d4da-4d67-8c04-fb084048abf7,2023-01-20,Norton-Miller Hair,West Tammieborough
Germany,9a2845ec-27db-41eb-9823-3ce6de3a5fae,2021-12-18,Carey-Norris Hair,Port Connie
Spain,77034e9f-dd59-4670-bd5c-97acf6fee282,2017-06-07,Hansen-Bryant Hair,Thomastown
Greece,72572182-2d00-453e-b437-d10143df8d2c,2020-12-15,Munoz-Crawford Hair,Sandrafurt
France,15ca0942-2d56-4736-a6f9-8cf14f1873f3,2022-09-26,"Horn, Jennings and Tapia Hair",East Rogerfort
Belgium,ffa37ad1-703b-4f6e-ac8b-e6f75c3e77c0,2017-08-20,"Hernandez, Davies and Lopez Hair",New Elizabeth
Poland,eefca350-40dc-4133-8eef-3d17e8f81ef0,2022-10-10,Webb-Cannon Hair,Port Ashley
Poland,556ceda2-ea03-4e0a-8711-e8d04bfee541,2018-09-17,Chapman LLC Hair,West Jane
Sweden,cfbc47d5-f035-48be-8bb0-0f6b1576b629,2016-03-08,Mcmillan-Gardner Hair,East Lisa
Italy,834bbbf1-a480-4d11-b56e-b4775ad02c29,2019-08-02,Moore LLC Hair,New Michelle
Poland,60a04762-78a1-4183-a391-8b103052cdd2,2023-09-27,Lucero-Martinez Hair,Port Ashley
Poland,203cbbad-5915-4863-9aa9-81c0d3e2c116,2016-11-29,"Hernandez, Russell and Phillips Hair",North Ruben
Italy,0445bb3c-1b96-4628-9eef-43cae7124e33,2022-05-01,Hobbs Group Hair,Hayneschester
Poland,4ace6921-efba-4826-90d9-b665b43c4877,2022-02-09,Jacobson-Davis Hair,North Kimberly
France,295564d0-2747-4baa-b918-e16d15664416,2021-05-06,Murphy-Graham Hair,Virginiaberg
Netherlands,0be337cb-b689-45fd-9939-d33e8472fa9b,2023-03-31,Liu-Brown Hair,Lake Amanda
Belgium,c754430a-a2a0-47ae-9c9b-9afa9594d216,2020-03-15,Yang Inc Hair,Marytown
United Kingdom,0e133c9c-6154-40b4-b533-e08fe2e026a8,2021-02-06,Chandler and Sons Hair,South Jennifer
Netherlands,172aefe9-5ee8-4016-b98b-e29166b6e37c,2022-06-03,"Benson, Castaneda and Rowe Hair",Nguyenport
Italy,70dd74b7-ea0d-4731-b985-25494bb3db59,2016-01-06,Parker and Sons Hair,Susanchester
Sweden,7fa720eb-2a08-469e-b2cc-8755ddaeafe1,2021-03-20,Boone-Buchanan Hair,Tommytown
Italy,aba8ace9-75f2-4243-89b9-fa96397b9c20,2021-06-13,"Dunn, Wong and Ramirez Hair",East Christinafort
Greece,97de7f14-0282-45e9-9106-e2f287a83c37,2023-01-20,"Johnson, Huynh and Rogers Hair",Lake Heather
Poland,ca459e45-5d9e-462d-a576-cb063e309d0d,2020-01-05,Mccarthy LLC Hair,South Lukeside
Italy,2bc547ae-1249-43bd-b010-0c1721c78b73,2022-07-09,James-Chen Hair,Michaelburgh
Greece,24d24c3a-af4a-40db-9d10-f7edab30189b,2023-07-28,Gardner-Simpson Hair,West John
Germany,89eb588b-d22b-4f1e-8cc7-5d60e29c8287,2016-06-11,"Brooks, Williams and Wells Hair",Robertsonton
Belgium,b31a3956-1d7c-46fe-bdda-602edc90c9d0,2021-10-05,"Quinn, Wright and Edwards Hair",Lake Paulmouth
Poland,0b4ac478-6f58-4ea9-a857-a8610de9b304,2017-04-24,"Anderson, Brown and Sandoval Hair",Branditown
Belgium,f19e7b5f-9e4c-432c-9b14-a0308020b086,2021-05-12,"Ward, Vincent and Bryan Hair",Lake Joseph
Netherlands,c4a3e9fa-da0f-4d4a-854f-21c86f1801fd,2017-06-26,Rich-Beck Hair,Murphyton
Belgium,acec5989-5ad3-4fa1-a21d-c5610180c231,2016-04-07,Miller PLC Hair,Port Joshua
Poland,ca1f776c-959b-49b2-a025-d1310f1176cc,2022-07-05,Leonard-Williams Hair,Kingshire
Italy,7adee5f1-0536-466f-a61d-f46be7e6d45b,2020-09-28,"Lin, Williams and Adams Hair",Port Rhonda
Spain,005a0b5e-2e80-4227-abd4-2ecc1ac4af8c,2020-07-02,Foster Group Hair,Millerstad
Netherlands,aab41d6d-333e-4b05-9221-55876edd9577,2023-05-17,Shepard-Riggs Hair,Port Hannahport
Netherlands,837efab9-847f-436d-aa2c-4d109d16f307,2022-05-29,Mendoza LLC Hair,West Jonathan
Poland,70b06dc7-db28-4483-886c-bc1ec1b15506,2020-12-26,Lee-Prince Hair,Port Angela
Belgium,eaf89e94-b542-48cc-a162-1c4e16dca78e,2023-08-27,"Cooley, Gibson and Smith Hair",Timothyview
Sweden,7eb716e4-b34a-460d-8f75-38b71425d2d0,2018-10-23,Smith-Jones Hair,West Russell
France,a8e10999-3937-4ea6-8457-e998c769ec65,2020-01-13,Hughes Ltd Hair,Danielston
Netherlands,d225e7ef-aed4-44ac-815c-77221fe4cbc5,2016-07-13,"Smith, Greene and Wright Hair",Paulside
Greece,d2c8d0f8-45df-4b1c-9ef7-04eb0e430a1c,2023-10-09,Griffin-Munoz Hair,Stevensstad
Netherlands,23e2d278-37c8-490c-ac3d-e7aceb4b851a,2016-10-21,"Sullivan, Blake and Thompson Hair",South Jennifer
Italy,4f037f90-33d6-4553-9205-d529c1b84876,2022-06-28,"Gonzalez, Baker and Cox Hair",Justinstad
Germany,46f20259-158d-4461-901f-3852aeae26db,2023-01-01,"Smith, Bush and Howe Hair",Mauriceport
France,4ca04aff-affb-41f3-8bfc-fa324bbf2e02,2021-03-31,Clark-Alexander Hair,North Taylor
Belgium,0b034246-1ccf-4cb2-b5ad-4ef18a607b6b,2018-11-08,Bowman-Roberts Hair,North Hayden
United Kingdom,faf1b414-c4e8-4d90-87cd-edea6e76c23a,2022-07-29,Sandoval-Gomez Hair,Coxburgh
Italy,824434df-bcc7-4334-8d73-c9a18a2ac408,2016-10-13,Williams and Sons Hair,South Dustinberg
Sweden,7b77958f-a01e-4f7b-939a-25196ff039b8,2017-07-27,Hall Inc Hair,North Stephentown
Belgium,245d65ea-686d-4848-ae92-6bcac434c38b,2019-05-03,Griffith-Smith Hair,Gonzalezburgh
Spain,dec2de41-51c7-4c82-8ddd-94d0d3bf4f83,2023-02-24,Soto PLC Hair,Kristinaville
Belgium,b458e025-4b16-44f3-939b-c1e3480899e7,2016-05-19,"Schultz, Thompson and Bush Hair",Port Alyssa
Spain,d05c1ca5-174b-486a-94d0-7430abc284df,2018-12-05,Phillips Inc Hair,South Johnathanhaven
Sweden,04fdf8e3-bc10-42b0-8395-f016d1a06350,2020-09-15,Caldwell-Johnson Hair,North Daniel
Italy,993dea31-9db7-4d41-805e-f405e6e76f3a,2022-05-24,Morse PLC Hair,Sheliatown
Sweden,e8e90e6d-e164-4c06-a3d3-f848adedc509,2017-08-21,Griffin Ltd Hair,New Christopher
Greece,93dcb706-483e-4ce8-88f2-12f75fb01181,2021-12-28,Richards-Hill Hair,Schultztown
United Kingdom,0ba481d0-4b90-4aa7-a575-1a898a770269,2020-02-06,Smith-Davis Hair,Port Brianville
Germany,aac31bd3-caf7-4b40-b48b-a7b9efde3a2c,2021-05-20,Henderson-Shelton Hair,Richardsontown
Germany,e2c47f00-65e8-4a70-850b-4a1330f7c14a,2019-03-18,Mcneil Ltd Hair,Josephside
Spain,d15df142-89d5-4649-be16-b1fd586f3502,2022-11-21,Aguilar LLC Hair,South Amy
Germany,dc922b56-2f89-418e-ab4a-caf44acbbf8c,2019-04-02,"Larson, Mejia and Burke Hair",East Jennifermouth
Belgium,ad2f2355-924c-48fc-819c-2cbf896a4aab,2018-12-30,Barrera PLC Hair,Port Patricia
Netherlands,280e165a-d9b4-4310-ad17-2a82be348e2f,2016-08-03,"Fowler, Hill and Flores Hair",Lawsonhaven
Sweden,612592c9-aeb5-4548-8d57-8143488965dd,2017-05-05,Martinez Inc Hair,New Todd
Greece,dfd0c04e-0556-40c8-b681-798f3babd93f,2023-01-10,Neal Ltd Hair,Port Jason
Poland,9679fdd5-5f1d-4969-a8de-05bc7a37dbfe,2023-11-18,"Hill, White and Randolph Hair",North Deborah
United Kingdom,2a650247-c9cf-4774-90ed-513825f48b59,2022-10-23,"Booker, Rivera and Smith Hair",Weaverchester
Sweden,1f3311d6-3af6-4087-a57c-323bb432adf7,2018-04-09,"Herrera, Graham and Jenkins Hair",Elizabethchester
Spain,f13a85d8-95aa-47ae-a3a9-4b30cdbdbaf4,2021-11-04,Cobb-Johnson Hair,East Stevenchester
Greece,ed813dc8-8c9c-4f72-9ef1-35da1f6d4109,2022-01-08,"Richardson, Holmes and Gonzalez Hair",North Davidville
France,de9f0d6c-46de-4f15-be60-60877811c5f0,2022-04-01,Perez-Matthews Hair,Lewisbury
Spain,6d917fae-dbd5-4856-9368-fa0850dec969,2022-07-29,Mcdowell Ltd Hair,Peterton
United Kingdom,d27eddf3-1207-49b4-b14e-52f66306cc49,2019-08-07,Whitaker-Ward Hair,Shortstad
Sweden,5170c9f0-a6e0-43fd-9590-7f7bcaf823e2,2017-09-22,Munoz-Thomas Hair,Port Brian
Germany,fb311db5-bbe9-4295-bc47-a6965b111938,2021-02-13,"Morgan, Roberts and Rasmussen Hair",North Patricia
Sweden,25021d2d-8dd7-463b-bdf4-b03fb19fd33f,2022-10-14,"Riley, Melton and Gilbert Hair",Patriciatown
Greece,74a96f11-00cf-4e1c-aa53-e9bd9dd4028f,2022-12-09,Marks Inc Hair,West Miguel
Belgium,9e525863-5003-4978-a3a5-1261df99e49b,2020-04-26,Jenkins PLC Hair,North Claudia
United Kingdom,02be8548-defc-47d9-9c78-bb96faa6416d,2018-04-13,"Crawford, Roy and Gonzales Hair",Rodgersmouth
France,564dfddf-212c-4c31-9ef2-10549e1e1e1a,2016-04-13,"Evans, Jackson and Schwartz Hair",North Meredithville
Sweden,ff79ede8-3af6-4211-943a-e295b514ecb8,2023-12-07,Carey-Evans Hair,Port Sandrabury
Italy,0ef9f514-00ba-42ab-b09b-a27209d7cae7,2016-10-13,"Todd, Campos and Campbell Hair",Devinton
Poland,b72a8b73-d464-4c86-a241-9db7d9dc3ab8,2017-03-08,Taylor-Williams Hair,North Albert
Italy,068aacf0-b5d2-4a61-9296-db26d3a8fb5b,2018-07-19,"Tanner, Doyle and Lewis Hair",South Erinside
Spain,b978ab0c-d91d-4a19-be04-72a61fb8f160,2016-04-26,Jackson-Smith Hair,Rebeccaburgh
Germany,b3be9634-38cc-49e3-9702-94a0ccc129b8,2018-10-23,"Woodward, Thompson and Adams Hair",Annstad
Spain,8d57c7db-b1e7-4662-acff-2ae96579bc31,2021-09-27,"Morris, Cardenas and Silva Hair",Shepherdbury
Germany,2b10c340-3308-405c-bfd2-2c74d23d2616,2016-03-23,"Edwards, Deleon and Clark Hair",Kevinton
Poland,b56d7ac8-1102-4422-8495-1afc50d6e44d,2020-05-21,Perry PLC Hair,Angelaborough
Sweden,41b49303-01d6-4ee2-ab37-2593b31f62fc,2019-04-08,Jones-Green Hair,West Olivia
France,082f80b5-8358-4596-a712-7dbf0beff917,2016-08-13,Garcia LLC Hair,East Josephport
Poland,a460bcc6-37ff-4d1f-ac28-4f7cfefb1c27,2021-01-14,"Norris, Rios and Silva Hair",Brandthaven
United Kingdom,58c5682c-c1f2-45f6-862e-423c7b909f54,2019-02-24,Smith Group Hair,West Jamesfort
Spain,f31f65c1-d2c3-4186-a1ff-9ce47c3abe50,2017-07-18,Hall-Griffith Hair,Spearsbury
Italy,db155f1a-73b8-440e-b673-6b644b421759,2019-02-11,"Garcia, Moore and Ellis Hair",Veronicaberg
Poland,8a454720-3701-436e-954f-4189205eb777,2021-12-09,"Mora, Moss and Garrett Hair",Johnville
Belgium,62d1f347-2e4c-4d55-8c3b-1ccafb15319e,2019-07-30,Nguyen-Mcneil Hair,Thomasland
United Kingdom,b97593ce-7a89-41fe-b9d4-2ac79453392c,2020-09-02,"Robinson, Miller and Flores Hair",West Michelleside
Belgium,1bb9173d-86bd-4443-91c7-27913d5a18bb,2020-06-30,Martin Ltd Hair,Robinhaven
Italy,1ec6d377-7375-42dc-9a15-a2c5f7687d8c,2016-11-16,Santos-Klein Hair,Edwinside
Italy,9fc04f3d-94bb-4e88-a7a4-7b873fcb6739,2016-08-18,"Smith, White and Campbell Hair",East Julietown
United Kingdom,531359c1-1c3f-42a2-9c42-e1f1bf6853b3,2017-01-21,"Johnson, Mooney and Middleton Hair",Ryanhaven
Italy,aebedfa7-92ef-4172-a7d1-dfe2053e7eee,2018-10-03,Obrien LLC Hair,South David
Germany,d3390533-046e-461a-9856-ff35040fae55,2017-01-12,Johnson-Williams Hair,Ellisberg
Greece,ec842bc0-6da8-4b1d-bd70-71e0410683c7,2020-01-07,Johnson-Mccall Hair,South Candice
Poland,199fed19-a22e-43bd-a9d5-b7db6f212d3b,2023-03-27,Perkins Group Hair,Stephenview
Sweden,999cd2c3-2a0d-4a7f-bf62-7685447c79a4,2017-12-24,Gibson-Rowe Hair,Joseport
Italy,13175d47-5fbd-45d9-a5c2-93da47e5101e,2017-08-17,"Morris, Aguilar and Young Hair",South Jonathanmouth
Germany,be651396-78a1-410a-8dd5-4debef564b31,2023-07-13,"Young, Noble and Gardner Hair",Kennethburgh
Poland,8ae8a320-53fd-449a-a8c8-be527bc16e21,2019-10-30,"Rodriguez, Hammond and Richmond Hair",Samuelmouth
Germany,ef984c79-c7d2-42a3-9dc4-9299c9b1126a,2018-02-19,Mathis-Huang Hair,Mcmahonborough
France,9c9309e4-12a2-4a21-8421-008c491e326c,2021-01-16,"Davis, Ayala and Becker Hair",Patelhaven
France,ac9d031d-92c2-4e85-9f7c-d61c8f6eceda,2017-12-29,"Barber, Young and Cox Hair",West Geraldfort
Sweden,04450655-239c-48f7-ad2d-d1ec512052c2,2020-04-19,Baker PLC Hair,Grahamborough
Poland,bf9671ba-6bf3-4095-9112-f4a594911d21,2020-01-29,"Montgomery, Welch and Russo Hair",Myerschester
Belgium,8fd21960-9c8f-442b-bf27-cce5e0f04874,2020-04-24,Tyler Inc Hair,Laramouth
Italy,dcc316a8-2e8a-4fe3-a4d7-e0ffdca82f63,2016-04-28,"Becker, Hatfield and Gallagher Hair",South Barbarafurt
Spain,7251d566-6b9f-4cf7-aa3b-20d7a5412776,2023-10-11,Cook Ltd Hair,East Austin
Netherlands,4ca1b46f-f9a6-49a6-bfc5-fbad6d39f23c,2017-04-27,"Stephens, Harris and Mack Hair",Smithmouth
France,ab5be662-5b63-40ec-91ef-a28250ce3212,2021-01-19,"Yoder, Morgan and Wallace Hair",Derekstad
Germany,8d95c616-bb46-4f43-9ca4-0e4d0a22ffc3,2020-04-23,Guerra-Salazar Hair,Youngmouth
Italy,ed03a5ce-c0e6-43a2-9196-bae479321542,2020-02-19,"Hicks, Collins and Cobb Hair",Kristenview
Spain,64df09b2-cb51-42cf-ad7f-6ef2159afbc1,2020-10-29,Brewer Ltd Hair,East Toni
Poland,8dfa45b8-f80d-4aba-b5b0-d13b36110d7d,2018-10-16,Stewart-Heath Hair,South Scottstad
Belgium,c38190f2-fc0a-4846-b8ff-1a0c10960191,2018-05-14,"Tate, Ball and Ball Hair",South Bethstad
Germany,008035ea-6031-4ede-a7c1-1ce0645e264b,2022-11-22,Blankenship-Fox Hair,Port Jonathanbury
Sweden,cdcca46a-b07f-41cc-85e8-2a545db621bc,2016-02-06,Powell PLC Hair,Christopherfurt
Italy,f75ada95-458b-4dff-aaf4-a8e3199d587f,2019-08-01,Fernandez LLC Hair,New Ashleymouth
Spain,27d23f30-d6f2-42b2-b2f0-0390bf98e382,2018-06-19,Mccarthy PLC Hair,Gregoryhaven
Sweden,3446f6d0-03dd-4ca0-88d0-2ea410a3cd58,2023-02-21,Evans and Sons Hair,Arnoldmouth
France,dfc48f2f-d4a1-4709-abc8-d1d42fba275e,2016-04-13,Martinez Group Hair,Amytown
Spain,7ca98615-0b15-44b0-a3ca-75dd0d3f42f7,2016-02-27,"Martin, Jordan and Davis Hair",South Cherylburgh
Sweden,e1dd93bd-b51b-43c5-9081-47021c899d86,2021-07-30,"Lopez, Waters and Pierce Hair",Lake Ericside
Spain,ffa5d6b3-d266-4115-8a52-13491e93fac6,2022-01-16,Miller-Lee Hair,Lake Rose
Sweden,4d673c4b-1a87-4891-83d8-0a3f72aa1560,2021-03-02,"Scott, Baker and Cook Hair",South Nicholas
Sweden,95557dc0-83e2-4821-904a-0ccaa50483f0,2019-08-18,Thomas Group Hair,Christopherchester
Sweden,0d173f08-1a75-42f5-83a0-2b6fada5dc68,2021-12-03,Richardson Group Hair,Herrerafort
Belgium,87a111c3-43f2-4438-83a6-111e1df7d7e8,2017-05-06,"Bailey, Leach and Taylor Hair",Richardport
United Kingdom,bf2f0f2d-e269-42f5-8c94-c153f3c6b77d,2022-07-22,"Thornton, Coleman and Stewart Hair",West Albertstad
Belgium,6141c96f-8ec3-4d62-b2e4-b13c8a2dec0b,2022-10-04,Cunningham PLC Hair,Gonzalezland
Netherlands,c733887c-dcad-4939-b2d2-017d2538a4fa,2021-03-29,"Hobbs, Williams and Curtis Hair",New Chelseaburgh
France,459eb309-11ab-4ac0-be91-8475eeedb96a,2021-03-11,"Davis, Stone and Chambers Hair",South Jenniferborough
Spain,f57d1391-bfe2-4d17-acc2-1b5fe6e0dbac,2022-09-05,Torres Ltd Hair,Beanton
Belgium,f9f1cc9a-b047-4a42-9f3d-fe05ac062d6b,2022-04-20,Baker Inc Hair,Andersonport
Italy,dff995ee-e592-405e-8fbf-ace5f35e669b,2021-09-19,"Sandoval, Moore and Meyer Hair",Bruceview
Greece,54a6229f-236b-42c9-9211-181fa0a970cf,2020-01-05,Grant Inc Hair,Lake Sarahchester
France,f1417484-04d8-4e6f-9b5d-0c57443e66a3,2023-09-09,Gardner-Hudson Hair,South Derek
Poland,0759dce1-0693-489b-b3fb-a9696b378045,2016-08-31,Fisher-Nolan Hair,Carolynfort
Spain,f1eedf14-2001-4d67-b6a8-088d343497e0,2019-06-05,Griffith Inc Hair,New Jamesfort
Poland,1bcb4f3e-e7fd-4736-9b43-05e52d9963b5,2016-09-08,Lopez Group Hair,Brianchester
Spain,9755791d-1d02-4620-8905-885a216baf0c,2019-10-16,Collins-Whitaker Hair,Port Robertshire
Greece,9ae9b892-cdd9-4b2b-b10e-9ef2eb306890,2016-09-27,"Clark, Mckenzie and Schaefer Hair",Michaeltown
France,7daad0c4-fac5-4a78-86be-bc63e3ec857c,2020-09-30,"Alvarez, Johnson and Long Hair",South Ronald
United Kingdom,9b2d0fec-3b84-49ed-9870-ed0ad51f38db,2023-05-01,Williams-Glover Hair,Wigginsburgh
Greece,bb745de9-65bd-4644-98ee-c685f6ee8007,2022-05-01,"Rodriguez, Acosta and Levy Hair",New Scott
Spain,5e3d0175-ea10-4179-83c8-81d3e32104ff,2023-09-30,Hart-Pope Hair,Hoganshire
Greece,b9ab276d-9e80-451b-bd99-d7bbc990a52f,2021-06-04,"Rowe, Short and Nguyen Hair",South Carolyn
Sweden,f9cd6b78-27c4-41e8-a84c-f42d5294744e,2019-12-11,Taylor LLC Hair,Morganberg
Poland,cdd45ce7-f8b3-4dc3-a2f1-a834a5563e61,2020-11-10,Bird LLC Hair,Millertown
Germany,e5939e05-56f5-4723-bc59-c5c3ef7bc8ac,2022-09-17,"Fitzgerald, Richardson and Clark Hair",Littleberg
United Kingdom,1b4e3ce0-9f91-423b-93d6-ad5de238548e,2023-07-12,"Wilson, Harris and Johnson Hair",West Brianna
Germany,4b9fdd81-5898-4fde-8d1f-873eb78d2159,2022-01-12,"Matthews, Murray and Klein Hair",Kaiserton
Belgium,7663d05a-1aa9-4d3a-966c-f8956e8c791f,2017-10-09,"Powell, Allen and Perry Hair",Timothyton
United Kingdom,df99cff8-d34d-42c1-a477-fd9efd277b27,2021-09-17,Barnes-Decker Hair,Santosland
Netherlands,b9e689d1-ee3e-4963-9e6c-2596cb53c0cd,2021-08-13,Tucker-Johnson Hair,Briannaland
Netherlands,3ad88861-3b87-40d3-b307-1916955bedd4,2016-09-14,"Adams, Robertson and Cook Hair",Castilloburgh
United Kingdom,a0185edd-ec57-4b5d-bf71-beb337835985,2018-02-26,Taylor Ltd Hair,East Nicholas
Netherlands,0a2c5a09-1023-406c-93ad-198107a5cd53,2021-05-09,Hall-Bowen Hair,Lesliestad
Italy,3954055c-544d-4b17-be94-c4e5a0394873,2023-05-30,Smith PLC Hair,West Larry
Poland,e504a84c-b7cb-4edb-b672-3b10fddacd0e,2017-10-26,"Boyd, Singh and Bean Hair",Woodsport
Germany,6e8bdd5a-5518-415e-8e0b-8d765f7d450e,2023-11-01,Martin-Fernandez Hair,Leachburgh
Sweden,fa722d2a-a192-4f15-900b-5c555ad64521,2020-07-14,Wilson-Burke Hair,Bradshawville
Sweden,059ab3d4-425d-4f67-9f60-68fbfbd32220,2020-02-02,Rush Ltd Hair,Mcknightton
Sweden,6115eff6-5ee3-4de9-9cbb-2319cfae4138,2018-08-20,"Chen, Mendoza and Owens Hair",Dannybury
Sweden,300b3a11-b248-4fe2-819e-64f99344de84,2019-01-29,Price-Perez Hair,Baileymouth
France,05e997b8-8852-43fd-9c05-77646e510f62,2020-10-15,"Mcmillan, Burgess and Scott Hair",New Mariaton
United Kingdom,9e2530e2-e4e8-46fe-96da-86a58068d325,2017-05-13,"Atkins, Hanson and Singh Hair",Lake Jennifer
France,2b60fe41-8b2f-444b-827a-f7861962e85f,2019-03-03,"Burke, Graham and Clark Hair",Davidburgh
France,1449734a-0279-4574-bc23-cc2a2fa420b8,2022-08-18,Wilson LLC Hair,Brownland
Italy,0ebb1568-e997-4fe2-9f9f-bd320fe1c4e5,2019-01-05,Barker PLC Hair,West David
Germany,e740b417-5ea5-4e2e-bf30-ceca8d5bcbd8,2023-08-27,"Mclaughlin, Ramos and Lee Hair",South Michael
Netherlands,8b5ef535-d996-4629-bc6e-35ea7d9d24c2,2023-05-14,Hicks LLC Hair,North Nathanhaven
United Kingdom,9852a1e6-eb71-4f81-b463-5a991af05ba6,2023-08-12,Carter-Massey Hair,South Lori
Belgium,4e38e08c-63fa-4cef-86c0-5c44297b4899,2022-12-10,Martin-Massey Hair,Lake Charlene
Italy,64be50b0-7b19-43f9-9e08-e2fafa70858e,2021-01-11,Palmer Ltd Hair,North Danielle
Netherlands,27f7215e-7963-4d3f-aa40-e495a4923447,2019-07-31,Nichols-May Hair,Davidview
Greece,c910cb1f-6f00-497b-9bb2-842d38abc52c,2023-06-02,"Howard, Meyer and Estrada Hair",East Ivanmouth
Sweden,dd5d4f88-9c13-4a65-9f9a-22613f6ecbc9,2022-05-15,Fox Group Hair,Durhamshire
Greece,01eeab6b-a473-4ec2-b18f-7f1d0bdf852e,2017-08-18,"Townsend, Santiago and Mullins Hair",Hannahmouth
United Kingdom,deb599f4-0d2c-4bda-b68f-36a61f478e6c,2019-10-29,"Wood, Smith and Gonzalez Hair",Ericfurt
Belgium,260c9e55-d9ac-4943-aae3-5038e86796ba,2022-12-13,Austin and Sons Hair,Lake Roberttown
Spain,d959d1bb-e054-452f-9f09-c4e9cb3e8ff4,2021-04-07,"Shepard, Davis and James Hair",Hernandezside
Belgium,ce816646-f670-4395-ae4e-4d31a12a3c80,2023-10-10,Nelson LLC Hair,Marystad
Germany,6d5596ac-68d4-4864-a920-e49879ae5d2c,2020-07-05,Leon-Perez Hair,Natalieshire
Sweden,8cf3689e-58ea-4065-bec0-72e6eb2881b1,2021-01-25,Gonzalez Ltd Hair,Bowenbury
Spain,d32bd5b6-5cfc-427d-b79b-8f0df07aa2cb,2019-11-29,"Graves, Hall and Williams Hair",Lake Sara
Poland,81aea872-0086-4a41-a3c5-b40573ad9ecd,2018-08-17,"Montgomery, Morgan and Dorsey Hair",Toddfort
Spain,9057ee59-3d24-45e0-b67c-5440ee9d8a48,2016-08-09,"Warner, Randolph and Martin Hair",Joneston
Belgium,9520d283-550a-4666-8b9d-e3e5e07b34f3,2016-03-28,"Moore, Miller and Kim Hair",Craigport
Sweden,f8b2d385-a2c3-41ac-ab60-ae6741fb5ee3,2022-03-23,Serrano LLC Hair,Lake Jessica
Spain,5ca8168f-d25c-4a81-a347-99ed2b990a03,2019-08-05,Kelly-Espinoza Hair,South Andrea
United Kingdom,f89f401e-c9d1-4587-a1e8-f8be8082cd36,2019-11-01,Herman and Sons Hair,Erikmouth
Germany,00584b8f-24b2-4209-9ff2-f8518877a2e0,2020-09-29,Martin-Vaughan Hair,Lake Christinahaven
Belgium,318e59be-83ac-4a39-913c-4b043717db45,2020-01-04,Payne Ltd Hair,South Angelton
Italy,39acaf4f-88f8-4f56-a045-2c963389b7dd,2018-12-07,"Wiley, Melton and Lucero Hair",North Jessica
Belgium,39955a74-249c-4676-bb5c-77670415e72a,2023-06-05,Howe-Jackson Hair,Mayerside
Sweden,bdf0fc65-f47f-483d-9818-dc0cb0f27afd,2019-05-30,"Jones, Zuniga and Cummings Hair",North Dustinhaven
Italy,d2c3cbae-87a5-4849-b0e9-6481c397eacf,2022-02-07,"Torres, Mcdonald and Mccoy Hair",West Tracy
United Kingdom,84e62a8a-30ea-4742-9569-b0b93611d593,2020-01-11,Figueroa Ltd Hair,Port Peter
United Kingdom,19713ef4-f2ed-41c6-ac57-cda57e907bc0,2016-06-22,"Bass, Henson and Lopez Hair",West Kimberly
Germany,2d0a2037-2be0-4806-90e1-343bf2d70920,2019-05-29,Hogan Group Hair,East Lisatown
Greece,4d6e8679-d0ca-40d6-89e1-b674cc84fd46,2018-12-07,Taylor-George Hair,South Lori
Poland,e9a21fa3-0bf6-4012-acb5-fbd554352c8f,2020-12-17,Zuniga PLC Hair,New Brianfort
Poland,f0e4d75a-345c-4f39-9002-e4f965683764,2023-03-08,Walker and Sons Hair,Lake Olivia
Netherlands,5b71e73e-a525-4c5f-8415-b61acdd9def2,2016-04-03,Singh LLC Hair,Bradleyburgh
Belgium,4f2c9af8-8c6a-43a7-aba1-241e5b5aee6d,2023-06-06,"Jensen, Palmer and Fletcher Hair",Gomezberg
Greece,702aa664-6d85-4e13-8b04-f3075439996b,2017-09-11,Moore-Elliott Hair,West Bradley
Spain,f312058b-de1a-4a98-bc6a-1b6509564fb0,2018-11-13,Cohen-Spencer Hair,Snowmouth
United Kingdom,e67c1dcb-01ef-46aa-a028-9d9a707b7978,2016-06-01,"Elliott, Holland and York Hair",Justinburgh
Germany,c5b06497-0d2f-4501-aabe-b2174f5cc8ea,2023-08-23,Vega-Dunlap Hair,West Steven
Germany,de33fb78-7458-42a9-ba5e-bb3289e6e048,2018-04-30,Sims and Sons Hair,Jacksonbury
Sweden,a47c0c5b-1d0a-43f3-9200-31f31b217ebb,2023-10-26,James LLC Hair,Lake Cheyenne
Italy,e4deaeff-9f26-4b98-8719-3f976b5b59c4,2022-07-25,"Rogers, Shelton and Carr Hair",East Paul
Spain,2039648c-e719-4b1f-98b4-bb05185187e4,2017-07-23,Gonzalez PLC Hair,East Noah
Spain,0be72a94-dccc-4bc9-a354-229c3741a63b,2020-05-22,Smith LLC Hair,Vincentborough
Sweden,26140ec4-aa80-40ae-a396-c9d66037d9bd,2023-09-20,Roberts and Sons Hair,Jenniferburgh
France,c4a705ee-03c1-4b97-9576-1609aec6614e,2021-08-01,Singleton Group Hair,Lake Vanessa
Italy,efde37cc-cb44-4571-98f1-ac9264d53d7b,2020-08-29,"Jones, Dorsey and Taylor Hair",Port Rebecca
Poland,b7e9d3ce-7176-499f-b59d-b8ea5a576603,2019-01-18,Shaw PLC Hair,Lake Ronald
Sweden,a3d27a1e-933b-4e28-bec0-74348be99795,2016-03-03,"Henderson, Martin and Gregory Hair",New Patrick
Poland,92dbdc8f-19ce-4ff0-be9b-ef0e71975219,2021-11-17,Ward Inc Hair,Wolfview
Belgium,102f4b37-c971-4157-9eb6-3aac9df1dbc6,2017-03-25,"Olson, Long and Kramer Hair",New Jasonmouth
Belgium,a64a281d-d377-4124-9af1-046c94cf5311,2020-05-11,"Richards, Burton and Camacho Hair",Oscarview
Belgium,4f33597c-e2e4-42a3-8c71-58dd4c5f3cb4,2019-02-03,Knox-Vazquez Hair,Smithfort
Belgium,66fd1af9-7a2c-4289-a811-cafc71bef882,2022-09-07,Jones Group Hair,Millschester
Sweden,f0585f90-0142-4510-8439-227371ceb54c,2019-12-04,"Watts, Thomas and Hanna Hair",South Stephaniehaven
Poland,5355c9a4-d624-4ad4-ba3f-0343eabc2644,2022-05-13,Parker Inc Hair,East Nathanhaven
Italy,8c1b24d3-522a-47d0-a15b-0b45c9f47bff,2016-05-12,"Nash, Marsh and Johnson Hair",Simpsonfort
France,e61eecf0-911e-4e69-a9f1-d41fcab804fb,2016-02-29,Baker PLC Hair,Port Jasmin
Belgium,f27d24e5-21b9-4936-babc-f53e73ef4782,2022-07-09,Lin-Garrison Hair,Chavezview
Belgium,0b3192df-93e7-4dfd-8792-215e7de3fef9,2016-10-16,Matthews-Reeves Hair,Sanchezmouth
Sweden,b4037d26-02e1-4afa-b211-9b877e39074f,2021-05-30,"Johnson, Carter and Dunn Hair",Crossshire
Belgium,4063f52a-d9a2-416e-a477-028d5e78e344,2021-10-20,Moore LLC Hair,North Hannah
Sweden,5a7ec3bb-1a31-49bd-8126-4d3df74cb9e5,2016-11-28,Sanchez Inc Hair,New Ann
France,cf2ab1b2-378b-4a83-b727-3c86c6cd3f72,2020-06-18,Martinez-Fields Hair,Edwardstad
France,d8308500-df9b-48db-8a1b-1edf616746fc,2016-12-06,"Fletcher, Howard and May Hair",Kathrynview
Germany,ee6ba8f1-e0da-4efc-ab5f-f390cdbb1ef0,2016-11-17,Ballard-Kennedy Hair,Bushborough
Germany,0638f9cf-e911-4ab6-a06f-5bd9cf83f590,2019-08-29,Fisher-Anderson Hair,Port Anthony
France,b44f81ab-00d7-4366-b119-bf5b2ca261b1,2021-07-13,Daniels-Murray Hair,Taylorbury
Greece,10576517-5fa3-42b1-b3d6-62626f753259,2019-05-05,"Stanley, Brooks and Rasmussen Hair",North Jacqueline
France,ca153bf9-a19c-41f9-ac02-4dc321c7aae2,2018-04-29,Jenkins Group Hair,Campbellmouth
Sweden,22169f07-2bac-4814-8449-01fe6c94c4c8,2017-01-28,Yates and Sons Hair,Martinezborough
Spain,dd1b067e-d1c1-4e0c-a3f6-31d58e89af4a,2023-10-16,"Thomas, Brown and Graham Hair",Danieltown
Sweden,f818d7a3-e1f3-4950-85be-0244f30fd9c2,2019-03-02,Thompson-Newton Hair,Clarkeland
Poland,d4af974b-72f3-41c5-888e-e2966018cda1,2022-08-19,Williams-Love Hair,Lake Michael
Germany,55732eb8-5017-427d-b998-0981f0d00ce7,2023-12-03,Green and Sons Hair,Markmouth
Germany,d89834fc-01d4-43db-a224-c61a3dc7534d,2023-06-16,Ferguson-Bentley Hair,Alexistown
Netherlands,88609d7c-477c-48be-ba8a-0a9cd206196e,2023-05-17,"Oconnor, Li and Clark Hair",Port Jessicaton
United Kingdom,3905b0f2-005c-49e4-aa95-80785eeaae34,2016-07-14,"Davis, Wiggins and Dixon Hair",Fernandezchester
United Kingdom,1e53bc9b-44be-4bce-a483-8a866cd2a12f,2018-08-07,"Green, Anderson and Allen Hair",West Richard
Poland,e1d05f2b-ddab-4e9a-b64d-9939234253aa,2016-06-11,Ray-Delacruz Hair,Port Lauraland
Italy,67b1ff9d-4480-453a-9af5-9996319b5dc5,2019-02-05,Davis Group Hair,North Christianville
United Kingdom,a72acdf7-8e77-4638-af9b-e07e5d32203c,2022-04-11,"Williams, Moore and Wallace Hair",Thompsonbury
Sweden,330f6ac4-fe99-440f-a1c9-6b292bc6c112,2018-02-27,"Burns, Navarro and Powers Hair",Martintown
Netherlands,90eb8f70-aeb3-448a-9d78-38d733be4a2b,2019-07-22,"Larsen, Montes and Schmidt Hair",Palmermouth
Belgium,99965ac8-6da2-43d0-9595-aecdfb0d35e5,2022-05-29,"Coleman, Baker and Aguilar Hair",Wrightville
France,909c5911-7b5b-45a6-bb90-5ec97634d7df,2016-07-23,Watts LLC Hair,South Timothy
Spain,6e1cfcd9-8d9e-4e74-92ea-e0b36c1b09e9,2022-08-26,Peters and Sons Hair,South Annafort
Greece,3346eb25-fe2f-468e-85cd-b19ed984e29b,2018-10-29,Anthony-Kim Hair,Clarkton
Greece,657a19df-740c-4c23-b79c-d59531470a75,2023-05-15,Hurst and Sons Hair,Rachelberg
France,5600d8ac-249c-40e2-a61e-5efe593539a9,2018-10-19,Aguilar PLC Hair,Perezview
Germany,e7bc098d-e75a-4bd8-85e1-351f4530fbfb,2020-10-11,Richardson-Todd Hair,Bryanport
Germany,936d2de4-fa26-4e05-8e41-6c0746484eb2,2017-02-21,"Martinez, Reese and Alvarez Hair",Sotoberg
Netherlands,f9afaa0f-4a18-4be9-aa2d-259a5cd9c732,2019-05-28,"Smith, Cruz and Odonnell Hair",Stephenburgh
Sweden,ea87dfb3-af22-4825-a4c9-9a360b37477c,2021-07-04,Prince-Riley Hair,Millerbury
Poland,e1727283-6840-447d-8373-6f68d9da6564,2019-03-07,Perez Inc Hair,Clinefort
France,af17a6a6-0308-4157-a0a0-9c218252d4ac,2018-04-28,Gonzalez and Sons Hair,New Bryan
Greece,da4bb76d-aace-4ce7-81f2-4951384c384c,2021-12-04,Wang LLC Hair,Port Aaronhaven
France,005beb37-6e0b-4986-a968-86788fafa671,2020-05-08,"Edwards, Williams and Boyer Hair",Port Christopher
Belgium,6f4238db-9d6c-4a05-ab10-de2314d53891,2018-03-11,Davis-Shepard Hair,Port Lisa
Greece,422d4e27-ad41-4ac8-a45a-8634c5df20ab,2016-06-25,"Hernandez, Carter and Schneider Hair",West Brian
Poland,c8ae7a3e-d81e-4655-9b31-082bc7fd4a34,2023-08-26,Barber PLC Hair,Alexanderton
France,abd6f5de-314b-4f60-8011-44eec70d9499,2019-10-07,"Morris, Richards and Li Hair",Jacobsonbury
Germany,b81c5d3c-96e3-4649-93d0-fb26bff6ccb4,2023-06-25,Morris Ltd Hair,West Randyland
Belgium,517a285c-b01a-4011-b86f-446e589f8c77,2017-07-14,Cortez-Glover Hair,Lake Rickey
Sweden,0c7e6229-d28d-4ad5-a5e5-e1b04140ddb7,2023-02-12,"Acosta, Clay and Allen Hair",Port Ronnie
France,46518ced-2fbb-4550-92ec-a903fdd974c1,2021-02-05,"Patterson, Cook and Hall Hair",Johnsonfurt
Sweden,8138a3a4-ffa9-4f5e-a662-ee650c565e90,2017-02-18,Gibson Ltd Hair,Vickieview
Belgium,c5a34c75-9c90-4fe2-9dce-18cedc240148,2022-08-29,Owens-Farley Hair,Saunderstown
Netherlands,4beda014-326b-49b4-8ac9-bdaaadf541c8,2022-06-19,"Cunningham, Haynes and Boyle Hair",Marcusshire
Italy,6597e270-8bd5-477b-a02b-2440eff401fe,2023-09-08,Burton-Sandoval Hair,North Lindseyton
Spain,589f521c-e766-4c88-9c28-9646b3aa37fc,2023-08-30,"Brown, Steele and Montoya Hair",South Alejandra
Netherlands,1bda37d9-2efc-48a0-811d-2b415029b6c9,2019-12-18,Camacho-Dyer Hair,North Ashleyburgh
France,d9352d0b-f681-41e9-afdc-5355bf9a5b44,2021-12-22,Roman-Mason Hair,Jimenezshire
Germany,70e74fbd-8c1e-4cc7-9a61-600a1cf3dd18,2016-09-20,Stanley-Holt Hair,West Jamesshire
France,9cc7b5bb-b840-42fe-8810-1d104b07673a,2018-05-03,Ryan-Sawyer Hair,East Jennybury
Germany,bc3b3b30-2c89-4231-a7b4-6a2b6903acde,2016-08-12,"Briggs, Bell and Sanders Hair",Harveyburgh
France,da7ba88f-f638-477a-a2b3-9325d0c2ca51,2021-10-17,Gibson-Allen Hair,Fieldsborough
Greece,4ffbc236-48a5-4e1c-ac8f-f6ee60afa2c0,2021-06-11,Smith-Moore Hair,Bradleymouth
Greece,8f226896-58a6-4b35-8eae-8e12802df38a,2022-03-03,Jones-Kelly Hair,New Patrickton
Belgium,b86ca2e1-4a03-4022-b861-7aa26e195049,2020-05-22,"Alvarez, Harris and Booth Hair",West Michaelmouth
France,964406b8-6528-4e79-81ec-011568419487,2023-10-22,Evans-Gregory Hair,Lake Thomas
Greece,6b3161ae-6c5e-4bc9-8ded-b67f3cffb16a,2019-07-12,Gibson Group Hair,New Bonnieport
Spain,d3d9e1ac-5d23-4117-aa6e-383715c9ada8,2023-01-03,Wells Ltd Hair,Woodberg
Greece,94e767cd-9906-4d0a-96bb-48328baa8d08,2016-11-24,"Allen, Harrison and Mahoney Hair",Barbarafurt
United Kingdom,a48fbaec-8f30-4cbf-b340-809a6de20af3,2021-06-06,"Lewis, Lewis and Stewart Hair",Haydenfurt
France,740527dc-37c6-499a-80a8-90e4f966f84a,2019-05-16,Boyle Group Hair,Port Benjamin
France,9768af9d-9494-4e92-b45a-1c46d6eb36e8,2018-11-21,Santiago-Mitchell Hair,North Thomasland
Germany,8191b7ee-2772-42d1-934a-37758644cc54,2016-10-19,Garrison-Mack Hair,Andersonhaven
Belgium,874a5bc4-d14d-45bd-9a75-53316f8d4118,2023-08-01,Finley-Cuevas Hair,Johnsonborough
United Kingdom,d07b2db6-b7bf-4188-b420-9af5a38f8861,2019-12-10,Robles and Sons Hair,Whitefort
Poland,993e91d5-88a4-4f92-8ca4-b90fa86756f0,2016-05-20,Woodward Inc Hair,Melissaberg
Poland,0ecf9f12-a699-423e-b794-9c0149dc030a,2016-07-13,Taylor PLC Hair,Donnaton
United Kingdom,19199b40-b53d-49f0-ab6c-ec0bf3d42dc9,2020-05-21,Logan-Williams Hair,Butlerborough
Italy,da20db10-0591-4a6e-bb5e-262f0efc8c09,2021-10-18,"Martin, Robinson and Davis Hair",Jesseland
Germany,5cf97b22-1835-44d0-b087-902ddb7ad081,2023-03-09,"Rodriguez, Brown and Hamilton Hair",East Nicholasburgh
United Kingdom,050245ba-7d10-4686-a279-0c8f8f3f009c,2016-09-18,"Carpenter, King and Haynes Hair",Lewistown
Italy,c3feba01-49ab-4410-aa33-ae61f280abf7,2020-08-28,Davis Group Hair,Lake Holly
Netherlands,79f5af8c-da6f-47d4-98e5-b7c1a39bc6bc,2022-03-14,Williams-Jones Hair,Cobbside
Sweden,debf1196-4f54-4876-b01d-9f191f19c051,2023-06-09,Scott-Bautista Hair,Morrisborough
Germany,33b7762c-2bcb-4ed6-be08-05aa4be9bca1,2022-06-22,"Herrera, Bishop and Duncan Hair",Montgomeryside
Sweden,7d05b547-05cb-4d9c-aa68-13496fde3de4,2017-01-18,Nelson and Sons Hair,South Yeseniaburgh
Netherlands,18ffb2fc-ce7f-42b8-ac70-bfb34172a6df,2019-02-27,Butler-Greene Hair,North Anthonymouth
Belgium,efacdab2-7146-499b-b5c3-bb9facd7c6f3,2022-10-15,Lewis and Sons Hair,Myersside
France,2501cb23-2899-49a4-9502-6a21d2b84ec0,2018-07-27,Holloway Ltd Hair,Robinton
Spain,45495e08-9388-4d4f-9fdc-32c018664e2b,2016-11-06,Mays-Pierce Hair,Taylorfurt
Spain,f1b82d6f-ffe3-4f41-bf72-02e23e9d8b16,2019-05-06,Robinson-Patterson Hair,New Benjamin
Italy,2b93f5a8-1c98-475b-82bc-041cee1c190d,2021-06-11,Bean Group Hair,Wandamouth
Germany,36748f29-5108-4373-b164-52ee9a82cfcd,2017-03-10,"Flowers, Baker and Snyder Hair",Carneyburgh
Poland,5f03f67e-f983-4e26-acd9-63294ba9b6ce,2019-01-31,King Ltd Hair,Jesusfurt
Greece,b2a45276-e7dd-4bbd-823b-d04c2ef8a905,2023-09-08,"Drake, Mcbride and Sutton Hair",Lake Susan
Spain,21c5a32f-f6bd-4842-99b1-e58d87d2d21b,2021-05-22,Collins-Richardson Hair,Juliehaven
Greece,6119cc16-bc6a-4740-bfc7-6c0e6cec3de4,2021-01-14,Richard and Sons Hair,Ramirezville
United Kingdom,c7e3ef4c-cbd9-4ea9-9506-1ba20064e08f,2023-03-27,Boyd-Stewart Hair,Fisherville
Italy,8b71720d-ff96-4781-b5f3-3090aab24e75,2018-06-06,Best-Washington Hair,Harriston
Poland,be653065-752a-49c4-a953-85c32d3c9ff2,2023-07-10,"Spencer, George and Stephens Hair",Port Michelleside
Italy,b958d780-948d-4b30-922c-9a916420d0b9,2018-05-24,"Jensen, Cole and Bautista Hair",South William
France,fdfa5436-27e1-4ea6-8920-0c32c27a8f39,2021-11-01,Johnson Inc Hair,Lake Marc
Belgium,ccffddf0-b851-4501-872c-50acce40da1f,2023-06-09,Lewis-Russo Hair,Port Louishaven
Poland,75da4c45-ad5c-4ab1-b971-d521c4289815,2016-11-25,Fuller Inc Hair,Walshport
United Kingdom,51c4ecb6-5977-4202-9db3-149889987224,2020-02-13,"Walker, Rodriguez and Moses Hair",West Michael
Spain,d3fea4a5-e097-433c-875f-1ec27d9a1dba,2017-12-07,"White, Cook and Wilcox Hair",Nicholasburgh
Poland,765117f0-8a65-46dd-af22-1253e2bada63,2017-04-03,Graham-Frank Hair,Carlostown
Belgium,2abceb5e-c077-4dd9-9e6c-b205786a54f0,2017-03-05,Maxwell-Jacobs Hair,North Maryland
Greece,8df31a6a-c98c-4231-af1d-bc4d1cbad460,2021-09-03,Baxter Inc Hair,Port Daniellemouth
Germany,49065dd5-e7f4-4215-bdd1-7398281d8ce1,2019-01-16,Estrada-Martin Hair,North Kristine
Spain,9a064e2a-e058-4bca-9431-09db81058a3b,2017-06-22,"Nolan, Henderson and Webb Hair",West Garymouth
Netherlands,54f0105e-8ffe-4b54-9309-a0d099702c6e,2018-07-03,Edwards Ltd Hair,West Saraville
Sweden,1801ce1c-ec4e-439b-a53c-c3183957fb3e,2018-04-19,Griffin-Evans Hair,Allenport
Germany,797f033e-d88e-488f-9759-3240d0486f19,2021-06-12,"Berg, Smith and Bailey Hair",South Dawn
Netherlands,51a81d71-7603-4e49-afa6-16a4f34657ba,2021-02-27,"Santana, Campbell and Li Hair",Youngborough
France,6a13c897-6a04-431e-969c-5eda98daa0ba,2016-09-27,Jones LLC Hair,Katherineland
Italy,ead12d57-49e1-4634-883e-6dae32df2110,2016-07-17,Young-Garcia Hair,South Christopher
Spain,040f1432-c80e-40c0-ac3a-6b2c8c409c3d,2016-11-24,Evans-Morton Hair,West Lisa
Netherlands,11d9bc0f-c80f-4234-9a2e-aaa60f8e9d7d,2022-07-26,Jackson-Martin Hair,West Jenniferstad
Italy,f2bf7564-6d19-4b8f-b2b1-3bda2bacc56a,2022-11-29,Short Group Hair,Bellmouth
France,3c31be56-26ea-44e4-8923-1c9b250d5d37,2023-03-19,Smith-Walker Hair,Sheppardburgh
Netherlands,6a99521d-a3be-4318-badc-afc84676b6bb,2023-09-05,Brown and Sons Hair,Guzmanland
Netherlands,82fe7824-026c-4560-b29e-864d3bd5c225,2016-10-23,Alexander Inc Hair,Port Gregory
Greece,e4688c73-a05d-45cf-be3b-e094cbbb164c,2021-03-31,Schroeder PLC Hair,Barbaraport
Germany,e40769ac-1e6b-4b62-b64c-ab37638d8946,2022-04-26,Logan PLC Hair,Leslieville
Netherlands,eb1728cd-36c4-436e-8c85-1a0990a21248,2018-07-05,Taylor Inc Hair,Brooksfort
Belgium,62e9700d-4cc7-4479-95fd-d4d34b4bc9bb,2019-01-23,Mills LLC Hair,West Sandra
Germany,235b5fbd-147a-49bf-9873-07db495fa813,2023-07-01,Bailey LLC Hair,Port Isaacfurt
Sweden,f3dbe837-d2c5-4875-b508-65a1b515c061,2023-04-28,"Cox, Maynard and White Hair",Williamsmouth
Spain,2a446b1d-4fcd-4475-ae00-d468f71ee81b,2021-04-30,Johnson and Sons Hair,Lake Tonyachester
Greece,3c60a486-b51e-4d35-bd0f-028c4b241915,2022-04-25,Swanson-Snyder Hair,North Jose
Spain,3c1bf4a3-0b14-4c09-b2df-37c396ac672b,2018-03-07,Rodriguez LLC Hair,Piercemouth
Sweden,69a69093-fc3c-4c6e-94f3-da4e477c7a22,2022-07-13,Taylor-Peterson Hair,South Saraview
United Kingdom,f8823ccb-bfce-4239-b0b8-f5a7c0430290,2021-09-17,"Taylor, Benson and Johnson Hair",South Brittany
Netherlands,37016e9a-e6e1-4fa2-a41f-7e2aa5e7a7c4,2020-02-07,Hart PLC Hair,Karenborough
Netherlands,e0c1910e-e284-4d24-beee-82aa67e8f26d,2016-08-17,Morse-Berry Hair,Barryport
Germany,1f100f89-9945-4227-b4b1-a07d61a43c86,2020-03-04,Smith Group Hair,Dianeside
Spain,19ed99c4-fb47-4c48-bce8-7bae7bdae36e,2021-06-24,White-Middleton Hair,Edwardsborough
Netherlands,3f257eaa-4886-4bb1-b870-3b07b1a024fe,2019-11-26,"Thomas, Peterson and Smith Hair",Emilyview
United Kingdom,02362c5e-70a0-40b4-ab54-b7e382fc6947,2018-07-10,Maddox PLC Hair,West Christymouth
Greece,3db9f787-e530-4bbb-a1cb-5e47224c39a0,2020-08-18,Donovan-Stevens Hair,North Jennifer
Poland,478e9f75-4d13-44cf-a179-e90f01d4fae4,2017-11-22,Kent-Anthony Hair,Lake Michaelshire
Italy,2cec9e14-9c50-4421-90f2-c0c7273564ec,2017-09-07,Sosa-Joyce Hair,West Michelemouth
Netherlands,d60e417f-e390-4adc-83c9-f58cf8ce96b2,2018-04-04,"Baker, Anderson and Moran Hair",Mendezburgh
Italy,7e604ff3-e46c-4a4d-b608-9299c3d55943,2022-10-20,"Jones, Wilson and Ward Hair",Joshualand
Greece,8daf1f7a-a8ff-472e-9c24-57aebc3bd427,2022-12-10,"Harris, Walsh and Lewis Hair",Lake Meganton
France,b71b5d82-6721-44c3-9ec4-1f25c9ea888b,2021-06-21,Johnson LLC Hair,Maystad
Belgium,9e639565-671b-4bf9-940d-8efd6b05dcce,2019-12-26,Escobar Inc Hair,North Shannon
Greece,c27bf67e-8cbf-4679-a819-741e2d470d05,2023-11-09,"Osborne, Hoover and Kennedy Hair",Matthewfurt
Spain,2abed2d5-8e2d-4f5d-a632-6174a23ce041,2020-08-05,"Garza, Juarez and Ward Hair",Evanfurt
France,5889f617-7b5f-4a6d-87c4-8a7cd4692178,2021-02-22,Combs-Brown Hair,New Dennisside
Netherlands,d4b3e89a-c0d9-4515-879b-b1a49e30934a,2019-04-05,"Robles, Gomez and Garcia Hair",Abigailhaven
Greece,54064517-1398-4bf0-90ea-dcd77c60446a,2023-12-09,White and Sons Hair,North Jessicaport
Italy,35271f61-121e-4f74-836f-90f81287d1d6,2021-09-12,"Bennett, Russell and Serrano Hair",New Erika
United Kingdom,76fa2720-0007-4039-a6c3-d9d903f25e4d,2021-05-07,Howell-Carr Hair,Jacksonshire
France,fb1b3770-806f-43e5-aa8c-8b50ae1f9cb9,2019-12-13,Arnold-Robinson Hair,Port Nicholas
Italy,dd65f084-4ab1-4eae-ba39-603e253b758b,2021-11-20,"Mcdonald, Morrison and Conner Hair",South Frank
Spain,c596ba57-ec37-4383-a18c-e82831b3bc7f,2021-01-14,Carrillo and Sons Hair,East Bryan
Belgium,bb54dc3f-b797-44e9-abe7-52235f4a9410,2021-02-20,"Duffy, Phillips and Morales Hair",Courtneyshire
Spain,ea0ab18e-1acf-4661-bc07-c9f71079050d,2017-04-30,Bennett-Garcia Hair,West Alexanderside
Netherlands,b9c052fd-70b4-4846-8bce-f3eff2c193aa,2019-08-13,Hahn LLC Hair,Travisbury
Italy,f4d12113-23ea-4fd5-93bc-79e16a0df7fe,2022-07-20,Bryan-Jones Hair,Scottville
France,9328ee33-9b22-4751-b81e-13709e41ff6a,2021-04-22,"Wheeler, Long and May Hair",Port Jason
Spain,04e3a2a6-3437-4892-9f8f-37f301802a65,2021-11-20,Martinez-Byrd Hair,East Jessechester
Germany,a9e91d30-dced-4e20-a4bc-2543b80b3137,2022-01-26,"Cummings, Hernandez and Berger Hair",Port Jenniferville
Greece,bb8822e3-5eb6-4189-8557-9ffc6b2fd8f3,2023-05-31,Ortiz and Sons Hair,Port Tracey
Greece,ba6d1528-bfe2-4bd7-8b87-75ae8a281847,2023-12-16,"Figueroa, Shepard and Estrada Hair",Christinetown
Poland,e3b48f2c-5c76-4db4-8a00-c40f651c9e58,2016-08-24,"Bell, Jackson and Miller Hair",Stephensshire
Belgium,72cdcf53-f0ca-468d-9389-a3309669a7df,2020-05-03,Flores LLC Hair,East Kristina
Spain,0a92bf2a-dc4b-4c7f-8650-5198e19dd4af,2020-03-18,"Johnson, Williams and Mcintosh Hair",West Rebecca
Netherlands,94ba9325-d11e-430e-a727-eb4c077a000f,2023-03-08,Williams-Stanton Hair,Wilsonstad
France,3de31d78-aef1-4bf8-a6bd-1700753253c1,2018-01-18,Underwood Group Hair,Fieldsbury
Netherlands,326506f6-7dcf-4f5d-8b86-6472f89bbce2,2021-05-06,Chavez-Nolan Hair,Smithton
Sweden,feb47e65-ce0b-4084-b4d9-653fd87eae13,2018-04-29,"Hunter, Carson and Lopez Hair",Port Cheryl
Belgium,f75f9092-c07b-4c37-8f3d-ce0d23943733,2018-10-17,"Vega, Cooper and Martinez Hair",Lake Sarah
Netherlands,85781674-e8a5-4a36-b169-10382fbb438b,2020-07-07,"Powers, Wilkinson and Haynes Hair",Matthewstad
Greece,c9edb855-8e53-4af8-a962-cf0ae85b1259,2017-12-19,"Rodriguez, Wilson and Woods Hair",Valenciafort
Spain,9c54e949-74bc-45ff-b5fa-c3fa9f40ba75,2021-09-15,"Johnson, Wilson and Livingston Hair",Ramirezhaven
France,3fc6dac4-1215-415c-9781-bcf070978167,2016-11-02,"Taylor, Anderson and Thompson Hair",West Alexander
Greece,153b2a95-c192-41bd-ada6-9f861a161b29,2017-08-01,"Clark, Woods and Rowe Hair",West Elizabeth
Greece,90cc0015-848a-461f-b08d-a5a1da5c8ba5,2021-07-13,"Gordon, Rodriguez and Kelly Hair",Timothyburgh
Sweden,009b35b4-5785-4683-8a9a-c906e864ca6d,2017-02-06,"Thompson, Johnson and Ray Hair",West Jeanetteland
Germany,6d62aedc-5a84-4325-bf8c-95745ec8e431,2018-12-17,"Campbell, Pope and Frost Hair",Pittmanmouth
Belgium,0524299f-ed56-4267-afcb-8efde041ddf1,2021-02-26,Miller Ltd Hair,New David
Spain,166bf928-1808-44e1-81c6-d4aa0031f21d,2017-08-31,Moreno-Mahoney Hair,East Shelbyburgh
Belgium,41d45979-305d-4189-8431-e7d46f82b712,2019-01-07,Hoffman Inc Hair,Lake Davidburgh
France,d456e3f4-c17c-4f9d-a29f-e87f525fc070,2022-11-17,Moore LLC Hair,Perryside
Italy,f086360f-e78e-407e-a341-0750ddb68eae,2023-05-27,Dodson-Young Hair,North Alisha
Germany,48e6a648-6881-406e-b644-c9520865f4d6,2016-01-15,"Weber, Ayers and Diaz Hair",East Jamesburgh
Greece,2d2b7015-b503-4a58-9f35-ef98b2793001,2023-01-21,Smith Ltd Hair,Port Isaacberg
Spain,953315e8-51ef-40fa-becf-db278b27df18,2018-10-21,"Brown, Hill and Werner Hair",North Kristopher
Greece,813d53b3-26dd-4546-8500-c4df7820ffd4,2020-04-06,Robertson Ltd Hair,Cabreramouth
Spain,205dd8d8-f8b9-41a9-9f0f-031eccdc589d,2018-12-20,Harris-Galloway Hair,Adamsport
Netherlands,75fdcd5f-9e46-4fb6-9be0-29a5e85f6967,2016-10-08,Santos Group Hair,Jenniferport
Spain,11f8728f-c595-4c00-ab43-4f58b2fe1539,2017-06-18,Hicks-Lawrence Hair,West Ashley
Germany,dbed5038-8b98-417e-9240-06ef5b7d0414,2023-05-08,"Baker, Osborne and Tucker Hair",Rodgersberg
Belgium,ea7ded8e-30dd-4b3b-9911-e26eac10ab1e,2016-04-07,Moore-Weiss Hair,Yuland
Greece,12ea7b9b-3282-4e9c-95e7-c9da911870fa,2023-10-09,"Wright, Cooper and Erickson Hair",East Bonnieburgh
Sweden,efafac19-1698-4276-9443-9de0116bac9c,2020-02-20,Smith LLC Hair,Arthurburgh
Germany,66c81f48-db1a-4ded-9bd2-d550a2ac8fdb,2017-10-30,"Cole, Randolph and Lewis Hair",West Mario
France,6ae1fd78-c570-45c3-86dd-415df3c36b16,2020-11-14,"Banks, Rojas and Miller Hair",South Johnton
Spain,cc83c9b6-ffb7-4e9b-8603-1f0a447773c1,2022-09-17,Lucas PLC Hair,Zhangchester
Italy,53df7cb2-64de-4d2e-acc7-88c546eaa103,2017-06-23,Williams-Macias Hair,Port Debbie
Germany,4eb04175-f17d-4c27-b942-7c28637293af,2019-02-25,"Mcknight, Johns and Morrison Hair",East Jonfurt
Belgium,15a3e467-dc25-4c8b-865c-c6006b2f7886,2016-01-25,Myers LLC Hair,Mejiafort
Italy,92f2ca50-1d35-4fcb-89ec-906ab3cf6a32,2020-07-16,Daniels-Rodriguez Hair,Zamoramouth
Greece,09f53030-f241-4534-b2ae-f09e0c5cdc6f,2020-12-30,Davis and Sons Hair,Port Kennethview
France,952c1301-d4fd-4449-93c4-8a5dcff30c71,2023-07-27,Harrison-Phillips Hair,Richardchester
Spain,79c8dfbe-34b8-4eee-85e5-f64eabed0d4a,2019-06-02,"Bates, Rogers and Flores Hair",Port Tiffanyberg
Poland,c3a7a3c7-7432-4c40-85de-211309d9d9e3,2020-10-10,"Christensen, Roach and Anderson Hair",West Matthewbury
Sweden,093a3c24-fbf2-4b09-9805-e76195f7f51c,2017-08-03,Norris Inc Hair,New Michele
Belgium,d62b711e-2032-4e2b-a5bb-4d570cce92e2,2021-03-16,Webb Group Hair,Christinaberg
Greece,44e402a0-1345-4046-b53f-daec35862386,2016-04-05,Rogers LLC Hair,East Marieshire
Spain,51ae9791-e2f5-4225-887b-8a4dacd9e40e,2018-08-17,"Fry, Townsend and Watson Hair",Christinaview
Sweden,a2818e9f-fcc3-46e8-bf04-e39fc9bc8091,2022-12-27,Nelson Group Hair,New Wesleyfort
Greece,3e764818-c569-4ffc-bc7f-90a5a94e28ef,2021-05-18,Washington and Sons Hair,Phillipsstad
Italy,57e29ed0-adfd-482d-adb4-1bbe79a0005f,2017-01-26,Jones-Holmes Hair,East Sheilaburgh
Sweden,2f52b214-be17-4e79-9a5d-da3cf69ee74c,2017-04-14,Sanders Inc Hair,Harrisfurt
Netherlands,c4fb9c8e-7c97-4303-b85f-b34f4d700f32,2017-07-07,Cohen LLC Hair,West Matthewborough
Belgium,d6624af5-84c5-4f4c-9c9c-c53039a74449,2017-01-17,Richardson-Wong Hair,Shaneshire
Netherlands,7820462b-00b6-4c7c-bc84-bc9956381ed4,2022-06-29,Coleman LLC Hair,Murphyborough
Belgium,a18ec231-35ee-4a02-88af-2794d77b679c,2023-10-05,"Fernandez, Acevedo and Fields Hair",North Chad
France,3ab072c5-2401-4f52-b3de-5ca6e8c4dfff,2022-10-25,"Garrett, Roberson and Mejia Hair",Brownshire
United Kingdom,c3a93d46-c8c6-4d05-a59f-0ab237737f81,2016-02-17,"Banks, Campos and Williams Hair",Haroldfurt
Sweden,24cf827b-f202-4ab4-ace8-a4032edb5929,2017-07-07,"Williams, Moss and Grimes Hair",Susanberg
Spain,6d82337f-e580-49f2-b08c-a9893de6aa64,2016-05-07,Washington Group Hair,Lake Bradley
Sweden,1439b908-169a-4f02-96cc-4f2ec0bff515,2020-05-13,Moore LLC Hair,Gallagherstad
Germany,2d10d766-591e-491a-973f-8a14e5cd8472,2016-03-29,"Knapp, Espinoza and Patel Hair",Gregoryton
Poland,18086e06-8948-4457-beeb-0fa829fc885c,2021-02-25,"Frank, Gonzalez and Hernandez Hair",New Michaeltown
Belgium,a2b8b7a8-6ae5-4f33-80f7-9e9037965aee,2022-03-15,Ramos-Mckee Hair,West Nicole
France,4e95f555-4b7f-43bb-8ca3-3d10549b6fcb,2020-02-13,Burns-Rios Hair,Whitneybury
France,0c9e4bb1-a6a3-4f3c-bc4e-f4a35f27cb22,2020-11-20,Burgess Inc Hair,North Joshua
Poland,a3711ef6-b9f2-4106-bb79-752609db7707,2021-05-13,Galvan Ltd Hair,Keithmouth
Italy,2242007b-87c3-4a78-8ba5-e6704db2a91e,2020-12-25,"Casey, Flynn and Johns Hair",Lisaview
United Kingdom,ea3ef37d-4e46-4f92-997d-3916ce794c2f,2020-09-20,Baker-Rios Hair,South John
Germany,a0996225-1a04-4c1c-beea-12f07475a1e1,2023-08-22,"Robinson, Walters and Wiley Hair",Dawsonport
United Kingdom,318c67f4-3b62-495d-b35b-b125c652cd1b,2021-01-26,White and Sons Hair,Port Bethton
France,0561eec9-676a-4404-ba34-4337f3d1a32b,2021-04-10,Carroll Ltd Hair,Kaitlintown
Greece,f7d33741-c105-42b5-9f5d-4a78f0189e30,2019-03-27,Crawford Inc Hair,Lake Steven
Germany,0bccb220-41de-40d2-a82a-9c3a108062de,2023-03-13,Nguyen-Kelley Hair,East Jennifer
Poland,6210f29a-239a-4600-b779-5376325aa701,2021-06-17,"Maxwell, Valencia and Snyder Hair",Deanmouth
Sweden,5e9b4ed0-1385-47f0-8d66-1b867a706df3,2017-09-17,"Robertson, Rios and Henry Hair",Pricehaven
Sweden,2656012e-6adc-4066-a12b-fec906bd6f32,2016-10-19,Santos-Garcia Hair,South John
Sweden,f9b71588-bc39-4167-a5b9-ad7c0e35c3ca,2019-04-16,Gonzalez PLC Hair,West Chelseaport
Greece,74c6afa5-279e-40c6-800d-5e380e4f4b00,2018-07-26,Ramos PLC Hair,Lake Rachelview
France,de5d1058-ed53-4f8d-b4bd-2a67bea9b75c,2021-11-26,Snyder-Summers Hair,Pottertown
Poland,d266c5cc-4175-4ae2-8816-efdaecb5c6b8,2016-03-15,"Long, Robinson and Mora Hair",Tonyport
Spain,09549526-d479-42c5-9dc8-89bc329a7f85,2019-06-23,"Jordan, Carlson and Maldonado Hair",Port Ryanfort
Sweden,1716f3c2-1a8f-4d12-9205-0f7d75412f7a,2023-12-14,"Turner, Jones and Harrison Hair",West Kayla
Italy,7c89b313-88bc-4ce7-9c09-784d9556b640,2016-03-31,"Nash, Delgado and Curry Hair",Darrellhaven
France,e1192ccd-547c-49d6-a87d-d9123e5761ba,2022-10-24,"Knight, Church and Sampson Hair",West Dianatown
Germany,41ed6729-9eb1-45c9-966b-e2f14914f820,2023-04-25,Bell-Young Hair,North Amber
Netherlands,b7ca43f1-fc55-4eb1-bf52-98519911c992,2023-04-30,Hill-Lambert Hair,Smithmouth
Poland,53fb60fe-1cb2-422b-912a-c8e9b419e9c1,2019-08-16,Hines and Sons Hair,East Kaylahaven
Poland,c71ce7d9-51f8-4116-837d-35a8378383a2,2021-07-05,Johnson LLC Hair,Thompsonberg
Sweden,5a3b119e-7cc4-4280-8148-07de69cd377d,2016-08-11,"Love, Patton and Alvarez Hair",Rogershire
Italy,739a11e5-0829-420c-9194-d6c2a5b87234,2018-04-26,"Anderson, Baker and Taylor Hair",West Royport
United Kingdom,82b11476-6e50-4d0e-90e3-637cea349a2b,2016-09-30,"Rodriguez, Guerrero and Craig Hair",Mendeztown
Germany,27119b8c-cfa8-4b10-a9ea-32f45b2a4e38,2017-07-25,Sosa Inc Hair,Moyerhaven
United Kingdom,91a56840-a6ed-4c88-b43b-95f7428aca71,2017-07-07,Dillon-Lewis Hair,Lake Colleen
Greece,a3a4c466-2485-4ce4-af18-1286f81d012a,2019-04-04,"Mathis, Miller and Hurley Hair",Jeremyville
Germany,2dbaed50-cb03-42ba-a90b-ced88e369f40,2023-08-23,Wright LLC Hair,Rebeccatown
Netherlands,43ab641a-35f1-480f-9741-c875d92511ce,2021-06-28,Smith Inc Hair,Donnaport
Poland,3fb15077-fe9a-49a6-b46f-9578f4e5bbff,2017-11-07,Collier-Beasley Hair,Brittanyton
Poland,b4711525-2774-4596-87df-6b18643f5e4f,2020-05-20,"Haynes, Gomez and Michael Hair",Staceyhaven
Poland,f83285a9-050f-4bb6-8f52-518b2820ce41,2020-08-13,"Meyers, Peterson and Hunt Hair",New Jorgemouth
Poland,d23c4ac3-1d7f-4a81-a05e-cef2383b7955,2018-11-20,Lucas LLC Hair,Michaelfort
Belgium,b154e9fc-7091-4c51-99bb-fa74c6260410,2018-08-27,Powell-Medina Hair,East Matthew
Greece,d201824b-5e0e-466f-a707-2708363da797,2020-09-27,Chavez-Mathis Hair,New Danaton
Poland,b69897a2-8d1d-4b43-85b9-04f0885a5921,2023-11-11,Morse-Curtis Hair,Smithchester
Belgium,c436d873-785c-4518-9789-8114b459e260,2022-10-19,Johnson-Bell Hair,Davenportstad
Belgium,4bfc28e0-ef82-4d97-b452-981602daeea1,2016-11-18,"Washington, Hunter and Fisher Hair",East Kristen
Germany,a00257d6-94a6-418f-ab1a-98d5a67da1cc,2022-12-02,Rodriguez Group Hair,Port Mark
Sweden,c00404de-72cd-4feb-8527-438815946e51,2021-08-26,Dixon Inc Hair,Port Stephanie
Italy,6589526a-01d7-44d7-a392-3c6716154f39,2020-11-08,Anderson-Brandt Hair,Peterfort
Sweden,19db9553-ce95-4b9c-8d50-23f9d8646a9e,2017-11-22,Fitzgerald-Evans Hair,Raymondtown
Spain,1f5bfb18-d896-44ab-b16d-68d09804da7f,2019-02-01,Smith and Sons Hair,Perkinschester
Sweden,2cd8f443-716a-43be-b35a-d2b4011938e6,2023-09-03,Baker LLC Hair,Kingview
Belgium,07370c5f-05d8-4700-a60f-cd2538ece29a,2021-12-15,Harvey-Holt Hair,Lake Sarah
Spain,79b9ff68-4d84-4d96-bdc7-7cb298815a06,2021-02-10,"Short, Holt and Hill Hair",West Danieltown
United Kingdom,5c9e2179-0ed9-4665-9e37-c2a3f0bae485,2021-07-15,"Vasquez, Castro and Washington Hair",Johnsonport
United Kingdom,73d6f519-02e7-4587-b9a1-f56db8c094ae,2023-09-12,Sullivan Inc Hair,Gilbertfort
Italy,a694e932-f514-4561-a5fa-191a99c02ccd,2019-11-01,Wilkerson PLC Hair,Port Johnshire
Netherlands,56aa3691-6966-4d54-b7cb-cd147cfa08b9,2021-05-04,Taylor Ltd Hair,South Robert
Germany,0bb7aaf3-7233-4451-8207-ccf862fe0d49,2023-12-26,Adams Inc Hair,Lake Richard
France,9a51e10c-30e4-4bd0-8e46-0db5db2257ed,2019-10-15,Pace Group Hair,Hendrixville
Germany,22e1bbc5-e286-42d8-9fb7-1d83477d98e5,2019-12-20,"Hays, Williams and Holloway Hair",Wrighthaven
Netherlands,10582019-7996-4e3f-8c91-062ad6932552,2021-08-02,Matthews and Sons Hair,Taylorport
Netherlands,9c47a635-5ec1-4a07-b127-fb40ec5c68cd,2020-04-26,"Marks, Shaw and Boyle Hair",Lake Jonathan
Greece,11f4548b-f2b6-4c3e-a24f-f83dd0636b21,2017-07-02,Miller-Curtis Hair,Rhondaburgh
Netherlands,c131c872-80fc-4ed9-8c74-f27cc2df8bf7,2018-10-24,"Vincent, May and Holmes Hair",Lake Allen
France,fbc5e692-1ecc-4355-8a62-3077a3eab61a,2022-03-15,Ferguson and Sons Hair,Reyesbury
Belgium,82aef94f-2c14-4b9c-a963-c3f44830ed7b,2017-05-29,Hurley-Rogers Hair,Mejiafurt
Italy,5c49bd1e-3357-4790-a4f5-8f438cd632e2,2019-05-05,"Young, Watts and Vang Hair",Port Davidborough
Greece,6aa5a443-867e-42fa-9478-1b668d247156,2016-10-31,"Fisher, Odom and King Hair",New Traceyshire
Belgium,d31ab467-928c-41f0-9c27-47ff5a40be72,2019-02-01,"Stanley, Guerra and Davis Hair",Booneville
Netherlands,bbf491c2-c2ef-40d5-b248-3de602b7079a,2022-01-18,Boyd LLC Hair,Fitzpatrickview
Spain,74be750f-fda2-4c6a-a585-8f83a02ef1ee,2017-01-26,Cunningham and Sons Hair,Kochton
Belgium,ea3064c7-5b24-427a-90bc-44bc2f6f05d3,2016-11-12,Padilla-Owens Hair,Pierceberg
France,af6c6448-1272-490e-b662-30ace9ba720f,2016-12-17,Stewart and Sons Hair,Port Adam
Italy,ded18e1c-f94d-4754-ab7c-baa95e562598,2019-01-19,"Diaz, Wright and Horton Hair",Wallaceland
Sweden,71cbf4d9-7026-4d92-9c2e-74b9b7a15203,2016-03-30,Soto Inc Hair,Leefurt
United Kingdom,2044464d-522f-4a2d-962f-baf0cac520ca,2016-12-27,"Pena, Huang and Farley Hair",South Richard
France,93281e73-a48c-4b08-a7da-cfc26e45ee8a,2021-07-28,"Parker, Caldwell and Choi Hair",East Jerryburgh
Spain,6ff67a24-37a1-487c-9665-067a50fe0b26,2023-07-14,Johnson-Anderson Hair,West Melissa
Italy,575b5a7c-1814-4a76-8ded-f93b66becea3,2021-07-05,"Frye, Bishop and Oliver Hair",Emilyburgh
France,bd76d98b-4145-4316-a18b-ba5000949d4e,2022-08-07,Austin-Gomez Hair,North Crystalville
Belgium,73154244-1c88-44cf-b7db-3202aa5297de,2020-12-09,"Adams, Patterson and White Hair",Kelleyhaven
Sweden,bb1cf098-f1d3-47a7-9816-895be3d676fe,2017-03-27,"Nelson, Taylor and Hall Hair",South Danaborough
Germany,38fbfce6-e61f-4a0d-83a5-07af6579396d,2021-10-15,Rivera and Sons Hair,East Ginatown
Italy,7065cfef-9661-489e-a68d-b3f864528aea,2021-01-28,"Byrd, Chavez and Johnson Hair",West Danielland
Italy,cb476e4e-f392-4f6a-9e1d-821abae52f4e,2021-10-04,"Wright, Vasquez and Burke Hair",East Carlos
Sweden,c2bc5b3b-c7d3-4c95-a8ab-074e51a90063,2021-08-13,Little-Baker Hair,Reynoldstown
France,b6a9f457-03b9-4bfe-b6d1-07412c2e8960,2019-06-27,"Mejia, Scott and Nelson Hair",Port Diane
France,15345bda-89c1-4c55-93a4-fc6ee80c3e95,2017-07-30,"Brown, Weber and Mathews Hair",Laurastad
Sweden,2fa1eb11-6c40-4cb7-952b-c21c649fab3d,2021-04-26,Duffy-Rodriguez Hair,Lake Jeffrey
Sweden,90a8d689-48e5-4647-8a80-de5ee055860e,2018-12-28,"Wiggins, Cross and Carr Hair",East Catherinestad
United Kingdom,5fc6340e-b8e8-41b3-b0ed-a5f7ad7d87f4,2023-10-23,Allen Inc Hair,New Tiffany
France,06f8a2e0-b8f8-4905-9649-9d8b9ccc275c,2021-09-11,Fernandez LLC Hair,Nathantown
Belgium,8093b512-40fe-43c0-b6ee-a4fc92ed572c,2022-06-12,Swanson Inc Hair,Harveyberg
Belgium,e7ef7be3-87a5-4511-9c77-d49075fd44ff,2023-11-24,Becker LLC Hair,West Shane
Germany,12dfe4b7-6733-4ecd-a2d1-5f86954205c5,2020-09-30,"Cherry, Best and Moore Hair",North Mary
France,3742766b-23c9-46d1-aacc-dbed3e1d0e35,2019-01-30,"Ball, Cox and Taylor Hair",Tracyborough
Greece,92be2a3f-4fbd-41d0-b240-620f3a50b1a0,2016-07-17,Smith-Abbott Hair,Port Claudiaside
Germany,064bbf77-6abc-4e8d-95f7-ca06f9434817,2022-07-30,Mathews-Goodman Hair,New Melanie
Italy,7798a4c0-ef2d-412f-935d-d25f1e64b61e,2018-02-18,Weber Group Hair,Hardinfurt
Belgium,dcbb4453-2921-4c8d-9a56-513eac1f8c62,2022-05-31,Farrell LLC Hair,New Danielleshire
Germany,7b22ce45-0684-4741-8bf9-589b9785964d,2021-12-09,Palmer LLC Hair,South Kellymouth
Germany,02e48646-d29f-4897-8931-f1cd4a384208,2016-05-12,"Silva, Smith and Stone Hair",Gabrielleberg
Germany,6d4165a6-6b41-4b06-87cf-2c25a0b7189a,2020-06-11,Schmidt Ltd Hair,North Jessefurt
United Kingdom,4df4987e-ac7c-4f69-899c-5e6e1fcf664c,2019-05-11,Turner-Cabrera Hair,Nicholasville
France,6b9a26b8-cae3-41cc-9f44-e588382080b1,2022-01-20,Hernandez LLC Hair,Kelseyshire
Spain,f01905f5-8832-494e-a67a-b011ab79ebba,2016-02-24,Morales-Peterson Hair,Cooperhaven
Greece,efa6ea9d-be0a-4fc8-a226-5f24639e5a3c,2021-10-20,Miller LLC Hair,Chaseville
Spain,b1cf3d6f-f7d5-4e95-9e10-11dd3f870205,2022-01-19,Miller-Vasquez Hair,West Laurahaven
Italy,f3d46d7f-5159-4438-bb58-163496846b18,2022-05-07,Matthews-Stewart Hair,West Josephtown
Belgium,554f0b04-c9e6-4242-93b0-f72f84ad59f4,2018-01-14,Rogers-Thompson Hair,Heidimouth
Italy,1da8bb78-f2a4-4276-9809-55ed4b6777c9,2021-12-14,Williams-Nguyen Hair,North Susan
Belgium,4f45d51f-e9c4-49f7-b1a0-5b5c5b90e6df,2017-01-16,"Bryan, Rodriguez and Miller Hair",New Steven
France,274d5d8c-75f7-4dd5-ae17-145a01a8bd3c,2023-12-08,"Patton, Jones and Reeves Hair",Haynesport
Italy,b300a65f-6206-49a5-99cc-f5b94b70c9ad,2018-06-29,Chavez-Johnson Hair,West Robinburgh
United Kingdom,3d60e6fc-414c-4b45-a2c8-38185dcf4656,2023-01-06,Singh-Sampson Hair,Castroton
France,81382d59-0f38-49b8-b630-aec012b1e4ef,2020-03-31,"Smith, Hamilton and Wolfe Hair",Krystalmouth
Greece,04736522-6376-4812-9470-7b1ca119b3e1,2023-02-06,"Cross, Smith and Howard Hair",Amyfurt
Belgium,6c20fcdd-56b6-40bf-8ffa-144eeb778505,2020-11-19,Robinson-Obrien Hair,East Kimberlyberg
Italy,8a951e54-d9c8-47a7-aa7e-0921494626b8,2017-11-17,Klein-Levy Hair,Lewisville
Spain,6375a07a-7f09-4f82-ae46-79f4c45d4661,2016-10-12,"Bautista, Silva and Russell Hair",Torresmouth
United Kingdom,65034e65-6226-41bf-a04e-7204d33f5f62,2021-04-15,Anderson-Wright Hair,Porterburgh
Italy,8c904dfe-187c-40e4-8280-dfeebae77984,2018-04-07,Donovan-Trevino Hair,Simpsonville
Italy,6b950b70-1394-4999-9525-83241d7f1a2f,2023-05-22,"Evans, Anderson and Martin Hair",Lake Ashley
United Kingdom,abb4889c-f621-4f3f-89ef-5ce98274c47d,2019-02-28,"Lindsey, Randall and Campbell Hair",Port Donaldberg
Italy,629ee922-a802-48f2-a57f-1831943c6bfa,2020-08-04,"Love, Anderson and Mcdaniel Hair",Ashleychester
United Kingdom,c3538d97-d10d-4e76-a2da-7babb79596ea,2017-02-08,Harris Inc Hair,Spencerside
Italy,ada21564-b212-41ff-9234-d90ae4b0ab70,2021-01-04,"Fuller, Luna and Dean Hair",North Nathanshire
Italy,00517a6f-688e-437a-b279-b99f3860bfff,2020-03-01,Edwards-West Hair,New Amandaborough
France,4c9605ef-2d19-4c64-a8f5-b28cc2f4b762,2020-08-08,Wilson-Olson Hair,Lake Susanland
Germany,143de23b-e960-4312-b718-f3ec85be8ed4,2016-10-24,Hall LLC Hair,West Ryanville
United Kingdom,f5d49fd9-c68f-4fe2-913c-4e2c6f1a1d72,2022-03-03,Morgan-Bradley Hair,North Kelly
Germany,6b30f294-d7e6-415e-b7d6-e4a2017e227a,2023-12-03,Stevenson Inc Hair,West Juan
France,37aefe6c-a515-48b9-ba68-ed1de1471c67,2019-11-25,"Martin, Berry and Molina Hair",Hardingbury
France,4c363f9e-ad0f-4b3e-8cbe-6eb16d8d6e92,2019-10-28,"Pennington, Smith and Powell Hair",Port Eric
Greece,6a83a0e2-f6de-40dc-8cf6-52bc79498fdb,2017-11-07,Shepherd LLC Hair,Michelleview
Spain,5ca5a1f7-f0ea-4c53-a26c-5eb533860f7a,2019-05-04,"Adams, Taylor and Jones Hair",East Markmouth
Italy,0f70af5e-5e14-4a6c-aad9-d13e6944e712,2019-12-04,Garcia Inc Hair,South Stephanieport
Germany,8dc1c292-e6b4-4b9a-9602-7e74dfa2a8bf,2016-04-24,Brewer-Chandler Hair,South Travis
Greece,991524ca-b3b5-4f1c-a4b2-cbda357957db,2023-06-30,Jones-Johnson Hair,East Lindsey
Sweden,e5e955a6-9d59-452a-8fb0-8662663b11fa,2022-02-16,Rogers-Rogers Hair,Eddiebury
Poland,001cddce-57dd-460c-b881-4a24c85e291c,2022-01-20,"Phillips, Valencia and Cohen Hair",Ericburgh
Greece,25b96198-0094-4095-a18c-366c28dc9f44,2021-02-11,Adams-Hurley Hair,Lake Sierra
France,4099fdc0-1c31-434f-b3b5-1dbf9b5033e1,2018-11-26,Schneider-Bell Hair,New Sarahburgh
France,62eb5d7d-5fcc-4fa7-b81a-04c42d42371c,2023-11-28,Aguilar LLC Hair,South Jennifertown
Greece,d32ec17b-1464-4a60-b9cb-692687f61d49,2021-11-19,Smith LLC Hair,Franciscostad
United Kingdom,7dd6f77e-72b0-4e63-ab4c-ca9f8a8f56bd,2022-06-24,Walker-Barker Hair,Lake Jeffrey
Greece,9f34bd66-dc57-46d1-8d7d-3d25e8dba66b,2021-11-11,Rasmussen-Golden Hair,Floresport
Poland,3d887d05-9622-4a35-822c-c2f3cef8b678,2016-06-17,Alvarez-Robinson Hair,West Billmouth
Spain,175176af-8113-49dd-98fc-e22c0129b39c,2019-12-14,Morgan PLC Hair,Josebury
Belgium,da478ec4-4978-4168-a30f-fa9cde5b6ac0,2018-11-19,Hall PLC Hair,Port Kendra
France,d303d073-4bfc-4055-81fa-bdd9d6d799dd,2018-08-04,Miller Ltd Hair,North William
Greece,56325e09-66cc-419d-95d6-9fca14aa0866,2016-04-21,Harrington PLC Hair,Millershire
France,2d641536-4904-4b5f-9624-33020042607c,2020-04-23,Rodriguez-Webb Hair,New Mariashire
Poland,3bb2750c-ef09-4615-ae74-e22621160407,2018-04-13,"Savage, Weber and Wolf Hair",Faulknermouth
Italy,1e882f2d-79a1-4cf0-9aef-f43a1527ead6,2016-10-06,Lucas-Butler Hair,North Angelaview
Belgium,60d49da0-864d-40e4-83f3-fcba958d1b4c,2018-05-26,Robertson-Chen Hair,Port Nataliefurt
Germany,768e10a5-cbf7-4bc4-a374-a39b80189b32,2023-06-24,Faulkner-Ryan Hair,North Jessicaton
United Kingdom,eb9f80a6-7689-4728-ba10-522964ea7bb6,2021-10-24,"Smith, Chang and Smith Hair",East Elizabeth
Germany,8b7fa78c-b029-4a91-aa8c-9cdb0eb0955d,2023-12-13,"Hernandez, Frost and Baird Hair",East Annette
Germany,409b2164-5402-4d8a-84a9-e36ae3ca7a48,2016-01-18,Esparza-Walker Hair,Crawfordburgh
Belgium,931df54a-6ee3-4813-bd3b-7fd701b9d3c2,2018-03-11,Parker-Gray Hair,East Carlyberg
Belgium,6049e6bf-49dd-441c-888e-a0a73254b102,2019-04-10,Torres-Howell Hair,Hartview
Germany,928eb3e4-d541-4ed5-bf6d-b865ffe35f92,2016-11-11,Harvey-Willis Hair,West Shelbymouth
United Kingdom,617a1518-22d5-409f-a526-02e42bbf039b,2020-01-27,Green-Glover Hair,Port Stephanie
Germany,737bc966-dce0-4016-9c31-602a8ca54a29,2020-06-25,"Whitehead, Allen and Schwartz Hair",Samueltown
Netherlands,1b18279f-6add-4888-999b-36e69fb71b34,2022-09-15,Walker-Perez Hair,North Rodney
Belgium,acdf1003-a850-4d03-91da-eb258d130e5c,2022-05-23,Levy-Sutton Hair,Lake Craigview
France,97dd7e56-e3d8-48de-86ea-7d66627dc720,2016-05-16,Rivas-Cole Hair,Riverafort
Greece,29cef6f7-04c3-4a67-8c7d-d4ba14479687,2019-06-02,"Nelson, Hall and Miller Hair",New Andrea
United Kingdom,32c1c3c0-8cd7-4a47-a969-459283ba87c7,2018-06-22,Kim-Silva Hair,Lindastad
Belgium,d1e10116-4b08-41cd-b4fc-e0bf3ab428e3,2020-02-04,"Kim, Gray and Powell Hair",Kristenberg
Poland,7c207a60-2b61-438b-94ab-151d274bcf65,2018-07-31,"Perez, Henry and Miller Hair",East Jenna
Poland,466ab772-bef8-46a2-bd8e-a610ac939c8e,2018-09-19,Lopez-Burton Hair,East Briantown
Italy,62bbf05e-5b99-4d76-9e28-da40f716ea25,2016-07-02,Tate Inc Hair,Seantown
Spain,bdf0853f-c6f8-4fb1-bd16-b10b82f9d2f7,2023-01-04,Rose-Solis Hair,Huertaland
Spain,e3b4e780-8928-4379-a582-f178deaab6e3,2021-04-11,Johnson-Giles Hair,Clarkburgh
Sweden,703580a7-02eb-4264-84d0-fe1a12139878,2022-07-05,Johnson Group Hair,West Anthony
Poland,3f93d3ff-1c1b-4f0f-9d12-fbf6b4d36a5f,2022-11-29,Myers-Rodriguez Hair,Angelafurt
Belgium,68523bcd-33dd-4b40-a89d-e142ddaf3087,2020-01-03,Delgado Ltd Hair,Davidton
Greece,621aa027-9c8a-4039-a67a-14b791a70058,2016-10-24,Hicks-Gray Hair,Troystad
Poland,b1f2291d-dc31-41b6-902c-ad225499ea2b,2021-02-24,Rivas Group Hair,Jadeberg
Sweden,0aa1cda0-659b-4759-90b0-668528996241,2017-11-09,Little LLC Hair,North Chelseabury
Greece,29649288-5e69-48fa-b664-6e9d99395524,2017-09-16,Hampton-Rhodes Hair,Emilyfort
Netherlands,5f54fabf-bfdf-487b-bdd8-c739a3830f8b,2022-08-20,"Williams, Flores and Willis Hair",West Markland
Italy,887c82a4-bb20-40c9-9385-6723c51a6307,2022-02-08,Downs Group Hair,Port Deborah
Sweden,d1a76321-76d8-4754-b32f-2af5c4bea343,2018-10-24,Martin-Murphy Hair,Johnfort
Sweden,0c5481fb-692f-4631-b00a-d69344676131,2020-07-25,Flynn Group Hair,Lake Samanthaburgh
Spain,9f6a40a6-4727-4d62-b7c1-f07bec2a4f17,2023-05-24,Mata Ltd Hair,North Michelle
Sweden,602023cb-22ce-42d1-9b72-f6cd8e4d7c23,2017-03-02,"Rodgers, Lopez and Taylor Hair",East Laura
Greece,60d39ff5-56c5-46ed-85cf-91b3703292d6,2017-08-03,Brooks-Adams Hair,Stevenview
France,07b7c4c2-4f48-4678-90d7-964bdd68bc0b,2017-07-17,Johnson and Sons Hair,Lake Gail
Germany,9cd96386-d915-4ba6-8b83-6f1f0e4ecfbb,2018-03-14,Young-Carpenter Hair,Michaelmouth
Netherlands,acfe3349-9106-426b-b1ec-bd8261b06a9e,2019-07-30,Brown and Sons Hair,Port Carolstad
Belgium,f6a2032b-716f-404c-896f-553b4c307022,2022-12-26,Parker-Thompson Hair,Mcdonaldfort
Netherlands,b0ea521c-e8d5-40c0-addf-654f5959463b,2021-06-02,Soto PLC Hair,West Taylor
Belgium,d0be8fe1-581c-481a-97bb-bf8dddf9954a,2019-02-06,Sawyer and Sons Hair,Jessicaburgh
Italy,30850503-8573-4e4d-92d8-c46b13a672e0,2023-01-23,Carr-Smith Hair,Cannonfort
Germany,737ab069-cd55-4c95-8778-19e7754cb66d,2019-10-11,White-Martinez Hair,New Kristen
Germany,43a52405-28d6-4bc7-9367-c5ed588781da,2020-10-05,Bridges Inc Hair,Ronaldton
Greece,701dd82f-d2bc-4f8c-97e1-2fc53a99c280,2018-07-02,Parker and Sons Hair,Robertsonshire
Netherlands,18533559-f539-48d0-99a4-0eebe581e41f,2022-03-30,"Kim, Chen and Matthews Hair",New James
Spain,734a0880-9cf1-4a88-852f-193dbb23887f,2021-01-22,"Berg, Dougherty and Smith Hair",Lake Timothyfurt
Spain,a211e32f-471c-494d-8a88-d88ef5eaf190,2016-09-04,"Edwards, Martin and Mills Hair",Raymouth
Italy,2725e400-50d0-458b-9c0a-ba6cea118019,2017-02-15,Johnson-Herrera Hair,South Oscar
Netherlands,00dca086-938a-4a3c-851c-cd4bf24b0436,2018-08-28,Simmons LLC Hair,Zacharyborough
Belgium,543abd48-5264-4a08-ba1a-982f36c0196e,2020-08-07,Snyder-Brady Hair,North Timothyborough
Italy,34b604dc-9a1a-4b34-a8a0-3b6251ec0513,2017-12-28,Russell LLC Hair,New Nathanborough
United Kingdom,c0ab0404-6795-4b6f-8233-d53a53e34573,2019-07-17,Fowler-Brown Hair,Nathanmouth
Spain,d3dc6e56-cda0-448d-b520-2588d13d3dbe,2017-07-11,Juarez-Raymond Hair,East Nicholas
United Kingdom,a920c248-bd5c-49f3-ae0c-7a3eee4bebbb,2020-06-23,Shaffer LLC Hair,Richardview
Spain,8e786216-3013-4d45-8015-e42b25f4e7db,2021-06-18,"Hunt, Woodward and Calhoun Hair",Mccannbury
Greece,1df7d5b2-7652-4103-a1e6-e4357ff99cc8,2020-04-12,"Jones, Dalton and Shelton Hair",Perrychester
Belgium,c7bfe097-3365-4810-88fc-244b608f3547,2018-09-06,Freeman and Sons Hair,New Ronaldstad
Greece,d50f0963-ad85-442c-9f64-7fe5b04f8a6d,2017-08-11,Moody-Bush Hair,South Jamesview
Spain,a7af68e3-a374-4bc7-996a-04de0390d1b1,2016-01-09,Williams Inc Hair,Morrowmouth
Sweden,b265b313-86ef-4865-a480-2f5743ca3b13,2021-11-15,Page-Hunter Hair,West Leslie
Sweden,59c01e23-85c3-4179-a94e-40190103dc77,2016-08-02,Smith-Bryant Hair,Nicoletown
Poland,9c571d78-e377-4089-8f55-5621bb260039,2021-05-22,Chapman and Sons Hair,Joshualand
Germany,f23720c2-5e40-40e6-baf2-b6f1460e4b90,2020-06-04,Grant Inc Hair,New Davidchester
Greece,1e397b75-c32f-4489-8243-3efaa9d99e7c,2022-07-16,Williams-Roberts Hair,East Jamesland
Netherlands,5cf03a2c-2887-47dd-b0ce-62924826316c,2023-11-16,Moore LLC Hair,Mcdowellland
Belgium,cd4591cd-fe72-4b17-bfae-c3a7cb141759,2023-03-11,Thomas Inc Hair,Lake Larry
United Kingdom,1c88eb2c-49fd-4b1a-ac78-a98d2bcefeb8,2023-05-13,"Garcia, Martin and Scott Hair",Raymondport
United Kingdom,cdb92594-596e-4c9c-bece-2be39893deb8,2022-08-07,White Ltd Hair,West Katherinechester
Italy,c5b0bcee-82f4-4bde-beb1-26f25871abb8,2016-07-04,Lam-Mendoza Hair,Allenmouth
Germany,dff450db-8fab-4774-a1d6-36e6b170d479,2018-08-15,Warner and Sons Hair,Lake Elizabethstad
Germany,b1790479-fc99-4ff4-a978-011e10004ed7,2019-01-22,"Rojas, Russell and Decker Hair",Jenniferside
Germany,340222bf-b3e4-41aa-b34b-15136fe274d9,2022-03-02,Silva Group Hair,Lake Deborahtown
Netherlands,e1becee1-ac57-4a13-836c-d1eb3b2105c1,2018-07-03,"Hernandez, Boone and Anderson Hair",Webertown
Sweden,527e8c73-b751-4344-a71e-0b33a01a8022,2018-12-10,"Padilla, Bush and Roberts Hair",Lopezchester
United Kingdom,d1b3b065-3db7-43fd-8abe-d807a98e446f,2019-05-19,"Gray, Craig and Baird Hair",Alexandraberg
France,6744f594-64a6-455f-b0ba-7d908fa31f59,2021-11-15,"Walker, Smith and Oconnor Hair",Garciatown
Netherlands,f2e52b7e-8d82-451e-8a85-b03003b65100,2016-11-26,Hughes PLC Hair,Bonnieland
Netherlands,3d8c4648-9999-4227-819c-49703e798c5a,2017-05-19,Green-Thomas Hair,New Heather
Belgium,af258b2d-cf6f-43d9-9977-2d94db332d09,2020-02-24,"Sims, Andrews and Miller Hair",North James
Belgium,772923e5-4184-45a3-87ce-2146197ec188,2017-02-23,Bautista LLC Hair,Adrianport
Poland,0c3af1ed-0fc3-499c-89a0-bf66dd39ddff,2023-05-06,Fox PLC Hair,Beckerberg
Sweden,8a3f9161-570c-46cd-b071-56752eb6e619,2018-04-12,Werner-Jordan Hair,West Crystal
Germany,b9e667d2-20e6-4387-a949-860d605130cd,2017-12-21,"Hanna, Jones and Smith Hair",Amyberg
Belgium,a1c4cb87-c875-4f73-8b4d-e633975cca66,2022-06-12,Knox-Johnson Hair,South Dennisberg
Netherlands,ebee665d-9078-40a6-aaf8-ea903a919fdc,2019-03-07,"Fisher, Curry and Allen Hair",North Bethany
France,bf9b74db-3dc4-47f0-b91e-a61da0b286d0,2022-05-10,Johnson-Hines Hair,West Jenniferstad
Germany,20d579a6-e7c6-4a24-96e2-653883ce591c,2019-01-02,Fox Group Hair,Andreashire
Greece,603b20fa-3f7e-434f-b18e-5cf46fce856c,2018-01-27,"West, Chapman and Perry Hair",Austinstad
Netherlands,61c5c37a-4c47-473a-bf67-2906d9d8f589,2017-02-04,Thompson-Goodwin Hair,North Allisonland
Poland,3d0aaaaf-e28a-4ee7-be47-40a5a39cc5e7,2016-10-27,"Bryant, Chandler and Wagner Hair",South Troyborough
Poland,138521bb-234b-4fc4-9440-0d4fefcbb828,2019-08-07,"Gordon, Smith and Rodriguez Hair",Cruzview
Greece,8119c87c-e963-4155-872d-27a7861cee58,2017-11-21,Meyers Group Hair,New Andrewburgh
Netherlands,3b1f0ea3-6b18-4ed5-9b7e-18046643a587,2021-02-18,Cruz-Smith Hair,Susanville
Sweden,c9d24589-fc84-4190-b01b-affad81f6f37,2017-10-18,"Baker, Montoya and Hayden Hair",Dawnburgh
United Kingdom,60f54dd5-dad4-45c2-9eeb-e1f822c1e498,2018-10-24,Brown-Austin Hair,East Patriciastad
Italy,d4fee0fd-3a94-4fad-9d00-0a1dcbb10995,2017-04-08,"Rivera, Bishop and Johnson Hair",Davidfurt
France,ce72e2d4-45cf-4621-971b-87c76c3d3f28,2017-02-07,"Harris, Coleman and Williams Hair",North Juanfort
France,39006650-9285-4878-b097-e0c7070530dc,2018-10-04,Moran Inc Hair,Andreafort
Germany,6d979ee1-22fd-4117-aaf8-a1d57a6c80fe,2020-07-27,Roberts-Smith Hair,West Stephenton
Germany,51ec73e4-e336-46b1-a42a-c66dfc0ca59e,2019-06-22,"Walker, Duke and Burns Hair",Phillipshaven
Sweden,a76c8d56-d720-417a-922c-c8072a9ce905,2016-12-05,"Rivera, Rose and Smith Hair",New Gene
Poland,e1dbd1f4-2a47-4871-b169-d891c87a5b26,2018-03-02,Lambert-Adams Hair,Tiffanyton
Spain,3f4ed76d-059e-48ad-9e6e-5f586fc5e9a0,2018-09-21,Adams PLC Hair,Teresachester
Belgium,2b91b4c4-9334-43d9-97cb-0dab10c4ad15,2019-09-11,Diaz-Taylor Hair,Christophertown
Netherlands,8ce14647-875c-44b4-ba20-67c65743e9c4,2021-12-30,Burton-West Hair,South Lindsey
Greece,48e37553-7899-4ad1-beba-b3a65ab9e667,2023-04-07,"Moore, Hernandez and Ray Hair",Lopezshire
Italy,64d2e3f6-9418-4d48-9081-125fa0bb5510,2017-12-14,Camacho-Cantu Hair,Lake Thomas
France,45b7eeee-eb2b-469a-ad85-ba2dee8297df,2018-06-13,Salazar and Sons Hair,West Christine
Italy,fd21690e-fcdb-495f-95a5-30a7d5fb73b9,2021-04-06,Gomez Inc Hair,South Micheleland
Greece,40393fb4-f26c-46d9-8c9b-474106910c50,2018-05-10,Jones-Snow Hair,Port Josefurt
Netherlands,0c708fb9-4d29-42df-a5ae-83c6280102da,2022-04-15,"Hill, Campbell and Patterson Hair",North William
Belgium,4a64f4d2-5492-4fd8-9524-41f9514c1e23,2023-04-02,Brown Group Hair,Port Jefferyside
Italy,4295ab6f-5f24-4884-8ed3-204794592be7,2018-01-08,Carlson-Whitehead Hair,Port Williamville
Germany,c3f8a6eb-ec28-475a-81c4-c63138bdac90,2023-12-04,"Hernandez, Daniel and Hernandez Hair",North Albert
United Kingdom,40fa6fb6-ad21-4f3f-a92a-f9f012b3b7f1,2018-01-27,"Hudson, Fuentes and Foster Hair",Campbellchester
Netherlands,327a3bdd-70a5-4ade-bc7f-bbd7c1af867f,2019-08-24,Morris-Mcfarland Hair,West Ericstad
Spain,263cc463-852a-483b-b1b1-edfb9ada7ba9,2016-03-14,Rice Inc Hair,Cameronburgh
Germany,87995635-f2c1-4de0-a4b0-e154d36121e0,2023-08-21,Sexton-Fowler Hair,East Luis
